run_kind,run_index,seed,step,operation,actor_seat,revision_before,revision_after,reference_rule_ns,authority_handle_ns,serial_codec_fanout_ns,host_local_deliveries,remote_deliveries,remote_server_payload_bytes,remote_client_payload_bytes
"warmup","0","20260910","0","INITIAL","0","0","0",,"6887342","296686","1","0","0","0"
"warmup","0","20260910","1","JOIN","1","0","1",,"4140937","11697407","1","1","599","192"
"warmup","0","20260910","2","JOIN","2","1","2",,"80571","3329537","1","2","1225","192"
"warmup","0","20260910","3","JOIN","3","2","3",,"97663","4893698","1","3","1998","193"
"warmup","0","20260910","4","JOIN","4","3","4",,"113893","5422637","1","4","2917","193"
"warmup","0","20260910","5","JOIN","5","4","5",,"134321","6001522","1","5","3982","193"
"warmup","0","20260910","6","READY","1","5","6",,"2112757","8543704","1","6","4014","163"
"warmup","0","20260910","7","READY","2","6","7",,"87844","6402774","1","6","4009","163"
"warmup","0","20260910","8","READY","3","7","8",,"128802","6256710","1","6","4004","163"
"warmup","0","20260910","9","READY","4","8","9",,"89858","5123558","1","6","3999","163"
"warmup","0","20260910","10","READY","5","9","10",,"85400","4893437","1","6","4000","163"
"warmup","0","20260910","11","START_GAME","0","10","11","8488010","3119543","12415497","2","5","8655","0"
"warmup","0","20260910","12","PLAY_ONE","0","11","12","1479782","1279256","8252769","2","5","8788","0"
"warmup","0","20260910","13","PLAY_ONE","1","12","13","53561","367047","7637667","1","6","8913","172"
"warmup","0","20260910","14","PLAY_ONE","2","13","14","54292","386254","6650658","1","6","8883","172"
"warmup","0","20260910","15","PLAY_ONE","3","14","15","51426","268854","6127387","1","6","8854","172"
"warmup","0","20260910","16","PLAY_ONE","4","15","16","57207","273312","5831113","1","6","8825","172"
"warmup","0","20260910","17","PLAY_ONE","5","16","17","54041","290114","4729980","1","6","8798","172"
"warmup","0","20260910","18","CHALLENGE","0","17","18","1464103","260608","4997251","2","5","9513","0"
"warmup","0","20260910","19","ADVANCE_ROUND","0","18","19","444713","433913","5301580","2","5","9638","0"
"warmup","0","20260910","20","PLAY_ONE","1","19","20","53690","413635","4752091","1","6","9898","172"
"warmup","0","20260910","21","CHALLENGE","2","20","21","22101","200255","4664167","1","6","9785","151"
"warmup","0","20260910","22","ADVANCE_ROUND","0","21","22","190457","350507","4068311","2","5","9638","0"
"warmup","0","20260910","23","PLAY_ONE","2","22","23","49031","244027","3897772","1","6","9898","172"
"warmup","0","20260910","24","CHALLENGE","3","23","24","61304","211276","4071436","1","6","9656","151"
"warmup","0","20260910","25","ADVANCE_ROUND","0","24","25","677289","521957","3962993","2","5","9474","0"
"warmup","0","20260910","26","PLAY_ONE","3","25","26","67096","259947","4273275","1","6","9733","172"
"warmup","0","20260910","27","CHALLENGE","4","26","27","18545","155471","3588713","1","6","9625","151"
"warmup","0","20260910","28","ADVANCE_ROUND","0","27","28","137668","289593","3260608","2","5","9479","0"
"warmup","0","20260910","29","PLAY_ONE","4","28","29","60874","208170","3518200","1","6","9738","172"
"warmup","0","20260910","30","CHALLENGE","5","29","30","19457","158537","2944836","1","6","9625","151"
"warmup","0","20260910","31","ADVANCE_ROUND","0","30","31","114795","300834","3310511","2","5","9482","0"
"warmup","0","20260910","32","PLAY_ONE","5","31","32","36207","215814","3420317","1","6","9744","172"
"warmup","0","20260910","33","CHALLENGE","0","32","33","23124","131947","3014898","2","5","9345","0"
"warmup","0","20260910","34","ADVANCE_ROUND","0","33","34","119424","236182","2690720","2","5","9324","0"
"warmup","0","20260910","35","PLAY_ONE","0","34","35","39735","146985","2706800","2","5","9457","0"
"warmup","0","20260910","36","CHALLENGE","1","35","36","24546","110798","2833427","1","6","9340","151"
"warmup","0","20260910","37","ADVANCE_ROUND","0","36","37","115076","229279","2804222","2","5","9162","0"
"warmup","0","20260910","38","PLAY_ONE","3","37","38","30898","127860","4257215","1","6","9422","172"
"warmup","0","20260910","39","CHALLENGE","4","38","39","19296","98655","2554925","1","6","9314","151"
"warmup","0","20260910","40","ADVANCE_ROUND","0","39","40","118933","270927","2250286","2","5","9163","0"
"warmup","0","20260910","41","PLAY_ONE","4","40","41","29154","158557","2898479","1","6","9425","172"
"warmup","0","20260910","42","CHALLENGE","0","41","42","17884","161402","2638562","2","5","9155","0"
"warmup","0","20260910","43","ADVANCE_ROUND","0","42","43","109806","214842","2676514","2","5","9186","0"
"warmup","0","20260910","44","PLAY_ONE","0","43","44","31118","190737","2835391","2","5","9319","0"
"warmup","0","20260910","45","CHALLENGE","3","44","45","19076","107862","2301791","1","6","9376","151"
"warmup","0","20260910","46","ADVANCE_ROUND","0","45","46","120235","190036","3232385","2","5","9190","0"
"warmup","0","20260910","47","PLAY_ONE","3","46","47","34004","100518","2387943","1","6","9449","173"
"warmup","0","20260910","48","CHALLENGE","4","47","48","25087","93235","2263700","1","6","9165","151"
"warmup","0","20260910","49","ADVANCE_ROUND","0","48","49","162235","141235","2126213","2","5","9021","0"
"warmup","0","20260910","50","PLAY_ONE","0","49","50","28944","86232","2299767","2","5","9154","0"
"warmup","0","20260910","51","CHALLENGE","3","50","51","19847","84628","2059138","1","6","9206","151"
"warmup","0","20260910","52","ADVANCE_ROUND","0","51","52","108232","123301","2311389","2","5","9035","0"
"warmup","0","20260910","53","PLAY_ONE","3","52","53","54261","95029","2205581","1","6","9295","173"
"warmup","0","20260910","54","CHALLENGE","0","53","54","21100","79379","2107047","2","5","9005","0"
"warmup","1","20260910","0","INITIAL","0","0","0",,"7033","3136","1","0","0","0"
"warmup","1","20260910","1","JOIN","1","0","1",,"69210","421109","1","1","599","192"
"warmup","1","20260910","2","JOIN","2","1","2",,"71464","502842","1","2","1225","192"
"warmup","1","20260910","3","JOIN","3","2","3",,"67897","635430","1","3","1998","193"
"warmup","1","20260910","4","JOIN","4","3","4",,"71234","1011986","1","4","2917","193"
"warmup","1","20260910","5","JOIN","5","4","5",,"138119","1162568","1","5","3982","193"
"warmup","1","20260910","6","READY","1","5","6",,"43973","1130969","1","6","4014","163"
"warmup","1","20260910","7","READY","2","6","7",,"38372","1132872","1","6","4009","163"
"warmup","1","20260910","8","READY","3","7","8",,"40767","1144875","1","6","4004","163"
"warmup","1","20260910","9","READY","4","8","9",,"50965","1083720","1","6","3999","163"
"warmup","1","20260910","10","READY","5","9","10",,"41318","1237578","1","6","4000","163"
"warmup","1","20260910","11","START_GAME","0","10","11","150061","159318","1978275","2","5","8655","0"
"warmup","1","20260910","12","PLAY_ONE","0","11","12","27973","82515","2059388","2","5","8788","0"
"warmup","1","20260910","13","PLAY_ONE","1","12","13","30527","129492","2570986","1","6","8913","172"
"warmup","1","20260910","14","PLAY_ONE","2","13","14","35887","83797","2089915","1","6","8883","172"
"warmup","1","20260910","15","PLAY_ONE","3","14","15","28824","85461","1966574","1","6","8854","172"
"warmup","1","20260910","16","PLAY_ONE","4","15","16","30106","92143","2124780","1","6","8825","172"
"warmup","1","20260910","17","PLAY_ONE","5","16","17","32721","81894","1924725","1","6","8798","172"
"warmup","1","20260910","18","CHALLENGE","0","17","18","18465","73648","2366443","2","5","9513","0"
"warmup","1","20260910","19","ADVANCE_ROUND","0","18","19","76022","165040","1959120","2","5","9638","0"
"warmup","1","20260910","20","PLAY_ONE","1","19","20","86001","104867","2085096","1","6","9898","172"
"warmup","1","20260910","21","CHALLENGE","2","20","21","18004","89678","2005427","1","6","9785","151"
"warmup","1","20260910","22","ADVANCE_ROUND","0","21","22","96551","119815","2175556","2","5","9638","0"
"warmup","1","20260910","23","PLAY_ONE","2","22","23","26249","99056","2018992","1","6","9898","172"
"warmup","1","20260910","24","CHALLENGE","3","23","24","21240","67917","2126513","1","6","9656","151"
"warmup","1","20260910","25","ADVANCE_ROUND","0","24","25","72376","149139","2106826","2","5","9474","0"
"warmup","1","20260910","26","PLAY_ONE","3","25","26","41027","81893","2136341","1","6","9733","172"
"warmup","1","20260910","27","CHALLENGE","4","26","27","22613","79208","2073153","1","6","9625","151"
"warmup","1","20260910","28","ADVANCE_ROUND","0","27","28","88606","177954","2121594","2","5","9479","0"
"warmup","1","20260910","29","PLAY_ONE","4","28","29","28013","80081","2147703","1","6","9738","172"
"warmup","1","20260910","30","CHALLENGE","5","29","30","18425","68689","1826021","1","6","9625","151"
"warmup","1","20260910","31","ADVANCE_ROUND","0","30","31","75020","128781","1926138","2","5","9482","0"
"warmup","1","20260910","32","PLAY_ONE","5","31","32","25668","83397","2400336","1","6","9744","172"
"warmup","1","20260910","33","CHALLENGE","0","32","33","22121","79619","2156760","2","5","9345","0"
"warmup","1","20260910","34","ADVANCE_ROUND","0","33","34","88817","146214","2130491","2","5","9324","0"
"warmup","1","20260910","35","PLAY_ONE","0","34","35","29275","126017","2245406","2","5","9457","0"
"warmup","1","20260910","36","CHALLENGE","1","35","36","24266","99096","1938952","1","6","9340","151"
"warmup","1","20260910","37","ADVANCE_ROUND","0","36","37","93095","155581","1694545","2","5","9162","0"
"warmup","1","20260910","38","PLAY_ONE","3","37","38","27461","85441","2160016","1","6","9422","172"
"warmup","1","20260910","39","CHALLENGE","4","38","39","24616","68729","1711926","1","6","9314","151"
"warmup","1","20260910","40","ADVANCE_ROUND","0","39","40","84428","118592","1561475","2","5","9163","0"
"warmup","1","20260910","41","PLAY_ONE","4","40","41","27171","89528","1838995","1","6","9425","172"
"warmup","1","20260910","42","CHALLENGE","0","41","42","16932","65793","1551787","2","5","9155","0"
"warmup","1","20260910","43","ADVANCE_ROUND","0","42","43","83938","144871","1660751","2","5","9186","0"
"warmup","1","20260910","44","PLAY_ONE","0","43","44","33663","87153","1742814","2","5","9319","0"
"warmup","1","20260910","45","CHALLENGE","3","44","45","17412","65784","1607841","1","6","9376","151"
"warmup","1","20260910","46","ADVANCE_ROUND","0","45","46","70802","117389","1740370","2","5","9190","0"
"warmup","1","20260910","47","PLAY_ONE","3","46","47","24235","101370","1903185","1","6","9449","173"
"warmup","1","20260910","48","CHALLENGE","4","47","48","23464","73068","2168902","1","6","9165","151"
"warmup","1","20260910","49","ADVANCE_ROUND","0","48","49","131396","141936","1918784","2","5","9021","0"
"warmup","1","20260910","50","PLAY_ONE","0","49","50","25257","78767","1983957","2","5","9154","0"
"warmup","1","20260910","51","CHALLENGE","3","50","51","17252","64942","1828274","1","6","9206","151"
"warmup","1","20260910","52","ADVANCE_ROUND","0","51","52","69039","120035","1885733","2","5","9035","0"
"warmup","1","20260910","53","PLAY_ONE","3","52","53","29054","90940","2423230","1","6","9295","173"
"warmup","1","20260910","54","CHALLENGE","0","53","54","18054","60313","1943521","2","5","9005","0"
"sample","0","20260910","0","INITIAL","0","0","0",,"6152","2806","1","0","0","0"
"sample","0","20260910","1","JOIN","1","0","1",,"94146","220003","1","1","599","192"
"sample","0","20260910","2","JOIN","2","1","2",,"64390","373460","1","2","1225","192"
"sample","0","20260910","3","JOIN","3","2","3",,"63028","648284","1","3","1998","193"
"sample","0","20260910","4","JOIN","4","3","4",,"78818","692687","1","4","2917","193"
"sample","0","20260910","5","JOIN","5","4","5",,"70321","923209","1","5","3982","193"
"sample","0","20260910","6","READY","1","5","6",,"35456","977321","1","6","4014","163"
"sample","0","20260910","7","READY","2","6","7",,"40896","1159993","1","6","4009","163"
"sample","0","20260910","8","READY","3","7","8",,"52859","1160874","1","6","4004","163"
"sample","0","20260910","9","READY","4","8","9",,"46327","1124166","1","6","3999","163"
"sample","0","20260910","10","READY","5","9","10",,"64521","998159","1","6","4000","163"
"sample","0","20260910","11","START_GAME","0","10","11","86531","134121","1691409","2","5","8655","0"
"sample","0","20260910","12","PLAY_ONE","0","11","12","39684","77105","1876185","2","5","8788","0"
"sample","0","20260910","13","PLAY_ONE","1","12","13","25598","83877","1581422","1","6","8913","172"
"sample","0","20260910","14","PLAY_ONE","2","13","14","31019","75772","1520728","1","6","8883","172"
"sample","0","20260910","15","PLAY_ONE","3","14","15","27772","103294","1482146","1","6","8854","172"
"sample","0","20260910","16","PLAY_ONE","4","15","16","27451","82434","1807767","1","6","8825","172"
"sample","0","20260910","17","PLAY_ONE","5","16","17","27371","104456","1629132","1","6","8798","172"
"sample","0","20260910","18","CHALLENGE","0","17","18","19637","78968","1860185","2","5","9513","0"
"sample","0","20260910","19","ADVANCE_ROUND","0","18","19","70522","136996","1716416","2","5","9638","0"
"sample","0","20260910","20","PLAY_ONE","1","19","20","28173","96781","1958229","1","6","9898","172"
"sample","0","20260910","21","CHALLENGE","2","20","21","19747","78197","1970792","1","6","9785","151"
"sample","0","20260910","22","ADVANCE_ROUND","0","21","22","68218","126126","1653778","2","5","9638","0"
"sample","0","20260910","23","PLAY_ONE","2","22","23","24857","74169","1539884","1","6","9898","172"
"sample","0","20260910","24","CHALLENGE","3","23","24","20459","70612","1878740","1","6","9656","151"
"sample","0","20260910","25","ADVANCE_ROUND","0","24","25","73498","125746","1478620","2","5","9474","0"
"sample","0","20260910","26","PLAY_ONE","3","25","26","26960","83717","1578687","1","6","9733","172"
"sample","0","20260910","27","CHALLENGE","4","26","27","18545","70742","1510700","1","6","9625","151"
"sample","0","20260910","28","ADVANCE_ROUND","0","27","28","71354","134061","1419770","2","5","9479","0"
"sample","0","20260910","29","PLAY_ONE","4","28","29","24906","79298","1713189","1","6","9738","172"
"sample","0","20260910","30","CHALLENGE","5","29","30","18114","66034","1528964","1","6","9625","151"
"sample","0","20260910","31","ADVANCE_ROUND","0","30","31","103815","151173","1292982","2","5","9482","0"
"sample","0","20260910","32","PLAY_ONE","5","31","32","26149","80000","1619563","1","6","9744","172"
"sample","0","20260910","33","CHALLENGE","0","32","33","18756","64421","1342064","2","5","9345","0"
"sample","0","20260910","34","ADVANCE_ROUND","0","33","34","94307","117831","1280689","2","5","9324","0"
"sample","0","20260910","35","PLAY_ONE","0","34","35","24456","140393","1805863","2","5","9457","0"
"sample","0","20260910","36","CHALLENGE","1","35","36","20178","91552","1734038","1","6","9340","151"
"sample","0","20260910","37","ADVANCE_ROUND","0","36","37","75170","113332","1326615","2","5","9162","0"
"sample","0","20260910","38","PLAY_ONE","3","37","38","23715","84247","1601540","1","6","9422","172"
"sample","0","20260910","39","CHALLENGE","4","38","39","23324","61715","1358565","1","6","9314","151"
"sample","0","20260910","40","ADVANCE_ROUND","0","39","40","68679","116659","1310485","2","5","9163","0"
"sample","0","20260910","41","PLAY_ONE","4","40","41","27682","74690","1517843","1","6","9425","172"
"sample","0","20260910","42","CHALLENGE","0","41","42","19426","64210","1361430","2","5","9155","0"
"sample","0","20260910","43","ADVANCE_ROUND","0","42","43","81533","117851","1890471","2","5","9186","0"
"sample","0","20260910","44","PLAY_ONE","0","43","44","26580","90059","1862719","2","5","9319","0"
"sample","0","20260910","45","CHALLENGE","3","44","45","18826","75060","1541637","1","6","9376","151"
"sample","0","20260910","46","ADVANCE_ROUND","0","45","46","76202","133931","1402247","2","5","9190","0"
"sample","0","20260910","47","PLAY_ONE","3","46","47","28223","87795","1582725","1","6","9449","173"
"sample","0","20260910","48","CHALLENGE","4","47","48","25868","73408","1268506","1","6","9165","151"
"sample","0","20260910","49","ADVANCE_ROUND","0","48","49","65763","132097","1213162","2","5","9021","0"
"sample","0","20260910","50","PLAY_ONE","0","49","50","29946","89408","1500290","2","5","9154","0"
"sample","0","20260910","51","CHALLENGE","3","50","51","23504","77775","1231888","1","6","9206","151"
"sample","0","20260910","52","ADVANCE_ROUND","0","51","52","71073","146986","1194949","2","5","9035","0"
"sample","0","20260910","53","PLAY_ONE","3","52","53","27161","94276","1380126","1","6","9295","173"
"sample","0","20260910","54","CHALLENGE","0","53","54","22022","62136","1201270","2","5","9005","0"
"sample","1","20260910","0","INITIAL","0","0","0",,"5952","18915","1","0","0","0"
"sample","1","20260910","1","JOIN","1","0","1",,"151684","152205","1","1","599","192"
"sample","1","20260910","2","JOIN","2","1","2",,"95799","228728","1","2","1225","192"
"sample","1","20260910","3","JOIN","3","2","3",,"58379","363131","1","3","1998","193"
"sample","1","20260910","4","JOIN","4","3","4",,"64110","531967","1","4","2917","193"
"sample","1","20260910","5","JOIN","5","4","5",,"64430","614711","1","5","3982","193"
"sample","1","20260910","6","READY","1","5","6",,"29796","790030","1","6","4014","163"
"sample","1","20260910","7","READY","2","6","7",,"32080","664254","1","6","4009","163"
"sample","1","20260910","8","READY","3","7","8",,"44594","632564","1","6","4004","163"
"sample","1","20260910","9","READY","4","8","9",,"30047","587621","1","6","3999","163"
"sample","1","20260910","10","READY","5","9","10",,"32381","634589","1","6","4000","163"
"sample","1","20260910","11","START_GAME","0","10","11","90730","132448","1265711","2","5","8655","0"
"sample","1","20260910","12","PLAY_ONE","0","11","12","24186","150512","1115850","2","5","8788","0"
"sample","1","20260910","13","PLAY_ONE","1","12","13","25478","77555","1201030","1","6","8913","172"
"sample","1","20260910","14","PLAY_ONE","2","13","14","24015","68748","1332216","1","6","8883","172"
"sample","1","20260910","15","PLAY_ONE","3","14","15","24355","67246","1109307","1","6","8854","172"
"sample","1","20260910","16","PLAY_ONE","4","15","16","25337","74399","1150436","1","6","8825","172"
"sample","1","20260910","17","PLAY_ONE","5","16","17","26480","112642","1625064","1","6","8798","172"
"sample","1","20260910","18","CHALLENGE","0","17","18","18996","82334","1375446","2","5","9513","0"
"sample","1","20260910","19","ADVANCE_ROUND","0","18","19","74139","132618","1317498","2","5","9638","0"
"sample","1","20260910","20","PLAY_ONE","1","19","20","24276","79770","1405623","1","6","9898","172"
"sample","1","20260910","21","CHALLENGE","2","20","21","17292","76613","1251043","1","6","9785","151"
"sample","1","20260910","22","ADVANCE_ROUND","0","21","22","69991","121117","1156617","2","5","9638","0"
"sample","1","20260910","23","PLAY_ONE","2","22","23","24876","78447","1374846","1","6","9898","172"
"sample","1","20260910","24","CHALLENGE","3","23","24","18845","89307","1192995","1","6","9656","151"
"sample","1","20260910","25","ADVANCE_ROUND","0","24","25","71243","135274","1126750","2","5","9474","0"
"sample","1","20260910","26","PLAY_ONE","3","25","26","23324","100668","1384554","1","6","9733","172"
"sample","1","20260910","27","CHALLENGE","4","26","27","17934","67627","1267223","1","6","9625","151"
"sample","1","20260910","28","ADVANCE_ROUND","0","27","28","75511","137828","1585530","2","5","9479","0"
"sample","1","20260910","29","PLAY_ONE","4","28","29","28533","166993","1588926","1","6","9738","172"
"sample","1","20260910","30","CHALLENGE","5","29","30","19146","89738","1339950","1","6","9625","151"
"sample","1","20260910","31","ADVANCE_ROUND","0","30","31","77826","132268","1244872","2","5","9482","0"
"sample","1","20260910","32","PLAY_ONE","5","31","32","33272","86702","1418156","1","6","9744","172"
"sample","1","20260910","33","CHALLENGE","0","32","33","19998","76985","1233040","2","5","9345","0"
"sample","1","20260910","34","ADVANCE_ROUND","0","33","34","95509","122159","1207341","2","5","9324","0"
"sample","1","20260910","35","PLAY_ONE","0","34","35","25307","78817","1368604","2","5","9457","0"
"sample","1","20260910","36","CHALLENGE","1","35","36","19757","63218","1204907","1","6","9340","151"
"sample","1","20260910","37","ADVANCE_ROUND","0","36","37","70943","161172","1131830","2","5","9162","0"
"sample","1","20260910","38","PLAY_ONE","3","37","38","25467","74159","1344839","1","6","9422","172"
"sample","1","20260910","39","CHALLENGE","4","38","39","17132","62998","1200488","1","6","9314","151"
"sample","1","20260910","40","ADVANCE_ROUND","0","39","40","71554","179867","1381057","2","5","9163","0"
"sample","1","20260910","41","PLAY_ONE","4","40","41","25588","77996","1490493","1","6","9425","172"
"sample","1","20260910","42","CHALLENGE","0","41","42","16541","63278","1111953","2","5","9155","0"
"sample","1","20260910","43","ADVANCE_ROUND","0","42","43","75531","149009","1256924","2","5","9186","0"
"sample","1","20260910","44","PLAY_ONE","0","43","44","24906","88325","1240654","2","5","9319","0"
"sample","1","20260910","45","CHALLENGE","3","44","45","17412","59471","1153210","1","6","9376","151"
"sample","1","20260910","46","ADVANCE_ROUND","0","45","46","74911","110757","1068882","2","5","9190","0"
"sample","1","20260910","47","PLAY_ONE","3","46","47","23534","96831","1506632","1","6","9449","173"
"sample","1","20260910","48","CHALLENGE","4","47","48","21621","65583","1189789","1","6","9165","151"
"sample","1","20260910","49","ADVANCE_ROUND","0","48","49","89127","137738","1265360","2","5","9021","0"
"sample","1","20260910","50","PLAY_ONE","0","49","50","29455","82705","1231137","2","5","9154","0"
"sample","1","20260910","51","CHALLENGE","3","50","51","17883","73898","1462589","1","6","9206","151"
"sample","1","20260910","52","ADVANCE_ROUND","0","51","52","129031","91111","1077699","2","5","9035","0"
"sample","1","20260910","53","PLAY_ONE","3","52","53","25578","71814","1174891","1","6","9295","173"
"sample","1","20260910","54","CHALLENGE","0","53","54","17643","55063","1303242","2","5","9005","0"
"sample","2","20260910","0","INITIAL","0","0","0",,"6152","1263","1","0","0","0"
"sample","2","20260910","1","JOIN","1","0","1",,"62046","153267","1","1","599","192"
"sample","2","20260910","2","JOIN","2","1","2",,"54743","202399","1","2","1225","192"
"sample","2","20260910","3","JOIN","3","2","3",,"59100","361657","1","3","1998","193"
"sample","2","20260910","4","JOIN","4","3","4",,"61816","464069","1","4","2917","193"
"sample","2","20260910","5","JOIN","5","4","5",,"54462","605464","1","5","3982","193"
"sample","2","20260910","6","READY","1","5","6",,"30868","570068","1","6","4014","163"
"sample","2","20260910","7","READY","2","6","7",,"28774","740447","1","6","4009","163"
"sample","2","20260910","8","READY","3","7","8",,"29836","557033","1","6","4004","163"
"sample","2","20260910","9","READY","4","8","9",,"53540","530063","1","6","3999","163"
"sample","2","20260910","10","READY","5","9","10",,"27612","561202","1","6","4000","163"
"sample","2","20260910","11","START_GAME","0","10","11","53059","100569","996227","2","5","8655","0"
"sample","2","20260910","12","PLAY_ONE","0","11","12","24245","69100","1254059","2","5","8788","0"
"sample","2","20260910","13","PLAY_ONE","1","12","13","24887","72296","1071657","1","6","8913","172"
"sample","2","20260910","14","PLAY_ONE","2","13","14","26350","70222","1059154","1","6","8883","172"
"sample","2","20260910","15","PLAY_ONE","3","14","15","24666","82364","1180731","1","6","8854","172"
"sample","2","20260910","16","PLAY_ONE","4","15","16","26189","71694","1015553","1","6","8825","172"
"sample","2","20260910","17","PLAY_ONE","5","16","17","27040","70151","1026943","1","6","8798","172"
"sample","2","20260910","18","CHALLENGE","0","17","18","97713","75161","1194168","2","5","9513","0"
"sample","2","20260910","19","ADVANCE_ROUND","0","18","19","51937","90550","1022285","2","5","9638","0"
"sample","2","20260910","20","PLAY_ONE","1","19","20","45254","81793","1139464","1","6","9898","172"
"sample","2","20260910","21","CHALLENGE","2","20","21","14468","57097","1601570","1","6","9785","151"
"sample","2","20260910","22","ADVANCE_ROUND","0","21","22","92183","109305","1277443","2","5","9638","0"
"sample","2","20260910","23","PLAY_ONE","2","22","23","35327","72475","1487196","1","6","9898","172"
"sample","2","20260910","24","CHALLENGE","3","23","24","20047","69710","1443103","1","6","9656","151"
"sample","2","20260910","25","ADVANCE_ROUND","0","24","25","39284","116939","1201230","2","5","9474","0"
"sample","2","20260910","26","PLAY_ONE","3","25","26","23334","80170","1231056","1","6","9733","172"
"sample","2","20260910","27","CHALLENGE","4","26","27","15810","82083","1498547","1","6","9625","151"
"sample","2","20260910","28","ADVANCE_ROUND","0","27","28","39925","112782","1119177","2","5","9479","0"
"sample","2","20260910","29","PLAY_ONE","4","28","29","22883","69430","1247877","1","6","9738","172"
"sample","2","20260910","30","CHALLENGE","5","29","30","17382","66885","1473611","1","6","9625","151"
"sample","2","20260910","31","ADVANCE_ROUND","0","30","31","58890","106510","1317478","2","5","9482","0"
"sample","2","20260910","32","PLAY_ONE","5","31","32","23063","88235","1191101","1","6","9744","172"
"sample","2","20260910","33","CHALLENGE","0","32","33","17392","89558","1219715","2","5","9345","0"
"sample","2","20260910","34","ADVANCE_ROUND","0","33","34","37831","103714","1055717","2","5","9324","0"
"sample","2","20260910","35","PLAY_ONE","0","34","35","22994","76052","1091985","2","5","9457","0"
"sample","2","20260910","36","CHALLENGE","1","35","36","18624","64952","1303512","1","6","9340","151"
"sample","2","20260910","37","ADVANCE_ROUND","0","36","37","260408","79328","1049206","2","5","9162","0"
"sample","2","20260910","38","PLAY_ONE","3","37","38","22923","70472","1129957","1","6","9422","172"
"sample","2","20260910","39","CHALLENGE","4","38","39","15749","58640","1228952","1","6","9314","151"
"sample","2","20260910","40","ADVANCE_ROUND","0","39","40","24005","71524","1046100","2","5","9163","0"
"sample","2","20260910","41","PLAY_ONE","4","40","41","24126","81413","1716295","1","6","9425","172"
"sample","2","20260910","42","CHALLENGE","0","41","42","16521","68759","1332335","2","5","9155","0"
"sample","2","20260910","43","ADVANCE_ROUND","0","42","43","25588","88055","1061588","2","5","9186","0"
"sample","2","20260910","44","PLAY_ONE","0","43","44","21821","73508","1090763","2","5","9319","0"
"sample","2","20260910","45","CHALLENGE","3","44","45","16180","120546","1244601","1","6","9376","151"
"sample","2","20260910","46","ADVANCE_ROUND","0","45","46","24957","92954","1012257","2","5","9190","0"
"sample","2","20260910","47","PLAY_ONE","3","46","47","24276","68889","1103708","1","6","9449","173"
"sample","2","20260910","48","CHALLENGE","4","47","48","18244","55975","1128864","1","6","9165","151"
"sample","2","20260910","49","ADVANCE_ROUND","0","48","49","25828","65122","1065035","2","5","9021","0"
"sample","2","20260910","50","PLAY_ONE","0","49","50","25768","85871","1179179","2","5","9154","0"
"sample","2","20260910","51","CHALLENGE","3","50","51","15990","80331","1099179","1","6","9206","151"
"sample","2","20260910","52","ADVANCE_ROUND","0","51","52","51056","205465","1067700","2","5","9035","0"
"sample","2","20260910","53","PLAY_ONE","3","52","53","23023","74690","1054695","1","6","9295","173"
"sample","2","20260910","54","CHALLENGE","0","53","54","23404","64160","1003870","2","5","9005","0"
"sample","3","20260910","0","INITIAL","0","0","0",,"5370","681","1","0","0","0"
"sample","3","20260910","1","JOIN","1","0","1",,"67086","106770","1","1","599","192"
"sample","3","20260910","2","JOIN","2","1","2",,"43250","351709","1","2","1225","192"
"sample","3","20260910","3","JOIN","3","2","3",,"43942","304951","1","3","1998","193"
"sample","3","20260910","4","JOIN","4","3","4",,"46227","385142","1","4","2917","193"
"sample","3","20260910","5","JOIN","5","4","5",,"49643","510045","1","5","3982","193"
"sample","3","20260910","6","READY","1","5","6",,"29555","551613","1","6","4014","163"
"sample","3","20260910","7","READY","2","6","7",,"28182","520475","1","6","4009","163"
"sample","3","20260910","8","READY","3","7","8",,"51396","542596","1","6","4004","163"
"sample","3","20260910","9","READY","4","8","9",,"28954","817571","1","6","3999","163"
"sample","3","20260910","10","READY","5","9","10",,"28624","595695","1","6","4000","163"
"sample","3","20260910","11","START_GAME","0","10","11","42901","84297","1094901","2","5","8655","0"
"sample","3","20260910","12","PLAY_ONE","0","11","12","25097","75902","1093829","2","5","8788","0"
"sample","3","20260910","13","PLAY_ONE","1","12","13","24095","69862","1254189","1","6","8913","172"
"sample","3","20260910","14","PLAY_ONE","2","13","14","63359","78247","1026863","1","6","8883","172"
"sample","3","20260910","15","PLAY_ONE","3","14","15","39474","65412","1000865","1","6","8854","172"
"sample","3","20260910","16","PLAY_ONE","4","15","16","21020","74429","1182445","1","6","8825","172"
"sample","3","20260910","17","PLAY_ONE","5","16","17","20488","61596","980807","1","6","8798","172"
"sample","3","20260910","18","CHALLENGE","0","17","18","15559","54362","1015653","2","5","9513","0"
"sample","3","20260910","19","ADVANCE_ROUND","0","18","19","22502","71765","1353846","2","5","9638","0"
"sample","3","20260910","20","PLAY_ONE","1","19","20","36078","106870","1209837","1","6","9898","172"
"sample","3","20260910","21","CHALLENGE","2","20","21","18986","86232","1309924","1","6","9785","151"
"sample","3","20260910","22","ADVANCE_ROUND","0","21","22","22462","123251","3472375","2","5","9638","0"
"sample","3","20260910","23","PLAY_ONE","2","22","23","22171","69390","1145015","1","6","9898","172"
"sample","3","20260910","24","CHALLENGE","3","23","24","17844","61996","1081906","1","6","9656","151"
"sample","3","20260910","25","ADVANCE_ROUND","0","24","25","24646","66074","1006956","2","5","9474","0"
"sample","3","20260910","26","PLAY_ONE","3","25","26","22321","77846","1285678","1","6","9733","172"
"sample","3","20260910","27","CHALLENGE","4","26","27","16070","58570","1146739","1","6","9625","151"
"sample","3","20260910","28","ADVANCE_ROUND","0","27","28","25888","82775","1167918","2","5","9479","0"
"sample","3","20260910","29","PLAY_ONE","4","28","29","21220","67847","1168719","1","6","9738","172"
"sample","3","20260910","30","CHALLENGE","5","29","30","16240","73778","1118004","1","6","9625","151"
"sample","3","20260910","31","ADVANCE_ROUND","0","30","31","29446","72516","1026824","2","5","9482","0"
"sample","3","20260910","32","PLAY_ONE","5","31","32","21039","79179","1074954","1","6","9744","172"
"sample","3","20260910","33","CHALLENGE","0","32","33","17363","56436","1213833","2","5","9345","0"
"sample","3","20260910","34","ADVANCE_ROUND","0","33","34","25488","69310","1066868","2","5","9324","0"
"sample","3","20260910","35","PLAY_ONE","0","34","35","21030","67556","1074383","2","5","9457","0"
"sample","3","20260910","36","CHALLENGE","1","35","36","16771","55274","1270099","1","6","9340","151"
"sample","3","20260910","37","ADVANCE_ROUND","0","36","37","27341","71505","1054486","2","5","9162","0"
"sample","3","20260910","38","PLAY_ONE","3","37","38","20819","93135","1137220","1","6","9422","172"
"sample","3","20260910","39","CHALLENGE","4","38","39","17733","57568","1051249","1","6","9314","151"
"sample","3","20260910","40","ADVANCE_ROUND","0","39","40","26910","67927","1005343","2","5","9163","0"
"sample","3","20260910","41","PLAY_ONE","4","40","41","20638","55114","1112474","1","6","9425","172"
"sample","3","20260910","42","CHALLENGE","0","41","42","14597","52629","1002939","2","5","9155","0"
"sample","3","20260910","43","ADVANCE_ROUND","0","42","43","28283","67787","968033","2","5","9186","0"
"sample","3","20260910","44","PLAY_ONE","0","43","44","21029","62858","983492","2","5","9319","0"
"sample","3","20260910","45","CHALLENGE","3","44","45","19667","59922","1006866","1","6","9376","151"
"sample","3","20260910","46","ADVANCE_ROUND","0","45","46","27792","70652","1126781","2","5","9190","0"
"sample","3","20260910","47","PLAY_ONE","3","46","47","22392","68248","1094861","1","6","9449","173"
"sample","3","20260910","48","CHALLENGE","4","47","48","17583","54061","1000955","1","6","9165","151"
"sample","3","20260910","49","ADVANCE_ROUND","0","48","49","27331","75151","1188887","2","5","9021","0"
"sample","3","20260910","50","PLAY_ONE","0","49","50","20218","63960","993731","2","5","9154","0"
"sample","3","20260910","51","CHALLENGE","3","50","51","14979","55864","1032234","1","6","9206","151"
"sample","3","20260910","52","ADVANCE_ROUND","0","51","52","25818","64721","1136168","2","5","9035","0"
"sample","3","20260910","53","PLAY_ONE","3","52","53","23253","74800","1144735","1","6","9295","173"
"sample","3","20260910","54","CHALLENGE","0","53","54","16330","53050","1043725","2","5","9005","0"
"sample","4","20260910","0","INITIAL","0","0","0",,"13645","751","1","0","0","0"
"sample","4","20260910","1","JOIN","1","0","1",,"72625","114144","1","1","599","192"
"sample","4","20260910","2","JOIN","2","1","2",,"47950","220102","1","2","1225","192"
"sample","4","20260910","3","JOIN","3","2","3",,"45265","351227","1","3","1998","193"
"sample","4","20260910","4","JOIN","4","3","4",,"49313","513292","1","4","2917","193"
"sample","4","20260910","5","JOIN","5","4","5",,"52078","631914","1","5","3982","193"
"sample","4","20260910","6","READY","1","5","6",,"51917","569807","1","6","4014","163"
"sample","4","20260910","7","READY","2","6","7",,"28494","532387","1","6","4009","163"
"sample","4","20260910","8","READY","3","7","8",,"29475","560139","1","6","4004","163"
"sample","4","20260910","9","READY","4","8","9",,"28934","543247","1","6","3999","163"
"sample","4","20260910","10","READY","5","9","10",,"28162","613229","1","6","4000","163"
"sample","4","20260910","11","START_GAME","0","10","11","68549","170729","969937","2","5","8655","0"
"sample","4","20260910","12","PLAY_ONE","0","11","12","20559","63539","993651","2","5","8788","0"
"sample","4","20260910","13","PLAY_ONE","1","12","13","21119","64901","1008961","1","6","8913","172"
"sample","4","20260910","14","PLAY_ONE","2","13","14","20579","66595","1024910","1","6","8883","172"
"sample","4","20260910","15","PLAY_ONE","3","14","15","21320","65914","999563","1","6","8854","172"
"sample","4","20260910","16","PLAY_ONE","4","15","16","21490","65653","980317","1","6","8825","172"
"sample","4","20260910","17","PLAY_ONE","5","16","17","20177","62878","944680","1","6","8798","172"
"sample","4","20260910","18","CHALLENGE","0","17","18","15710","83436","1010112","2","5","9513","0"
"sample","4","20260910","19","ADVANCE_ROUND","0","18","19","28834","65042","1018307","2","5","9638","0"
"sample","4","20260910","20","PLAY_ONE","1","19","20","21180","81673","1076798","1","6","9898","172"
"sample","4","20260910","21","CHALLENGE","2","20","21","16000","94217","1036471","1","6","9785","151"
"sample","4","20260910","22","ADVANCE_ROUND","0","21","22","20287","80781","1123074","2","5","9638","0"
"sample","4","20260910","23","PLAY_ONE","2","22","23","38933","79088","1355349","1","6","9898","172"
"sample","4","20260910","24","CHALLENGE","3","23","24","18715","65723","1206630","1","6","9656","151"
"sample","4","20260910","25","ADVANCE_ROUND","0","24","25","31118","72767","1062030","2","5","9474","0"
"sample","4","20260910","26","PLAY_ONE","3","25","26","23264","271879","1101123","1","6","9733","172"
"sample","4","20260910","27","CHALLENGE","4","26","27","15799","54131","1096064","1","6","9625","151"
"sample","4","20260910","28","ADVANCE_ROUND","0","27","28","23063","64040","1013839","2","5","9479","0"
"sample","4","20260910","29","PLAY_ONE","4","28","29","10490","72406","1115399","1","6","9738","172"
"sample","4","20260910","30","CHALLENGE","5","29","30","16501","151154","1074012","1","6","9625","151"
"sample","4","20260910","31","ADVANCE_ROUND","0","30","31","23925","64892","1006706","2","5","9482","0"
"sample","4","20260910","32","PLAY_ONE","5","31","32","10410","52889","1071427","1","6","9744","172"
"sample","4","20260910","33","CHALLENGE","0","32","33","16791","49602","992910","2","5","9345","0"
"sample","4","20260910","34","ADVANCE_ROUND","0","33","34","49011","78036","990315","2","5","9324","0"
"sample","4","20260910","35","PLAY_ONE","0","34","35","22692","77485","994833","2","5","9457","0"
"sample","4","20260910","36","CHALLENGE","1","35","36","15940","47539","989815","1","6","9340","151"
"sample","4","20260910","37","ADVANCE_ROUND","0","36","37","29886","57899","976109","2","5","9162","0"
"sample","4","20260910","38","PLAY_ONE","3","37","38","10039","77115","1027725","1","6","9422","172"
"sample","4","20260910","39","CHALLENGE","4","38","39","15239","48060","974616","1","6","9314","151"
"sample","4","20260910","40","ADVANCE_ROUND","0","39","40","23063","56526","925744","2","5","9163","0"
"sample","4","20260910","41","PLAY_ONE","4","40","41","9337","48741","976870","1","6","9425","172"
"sample","4","20260910","42","CHALLENGE","0","41","42","27511","48772","983342","2","5","9155","0"
"sample","4","20260910","43","ADVANCE_ROUND","0","42","43","23865","105879","1070506","2","5","9186","0"
"sample","4","20260910","44","PLAY_ONE","0","43","44","11952","58810","1199818","2","5","9319","0"
"sample","4","20260910","45","CHALLENGE","3","44","45","19366","209313","1363865","1","6","9376","151"
"sample","4","20260910","46","ADVANCE_ROUND","0","45","46","27912","71264","1143572","2","5","9190","0"
"sample","4","20260910","47","PLAY_ONE","3","46","47","11983","55885","1289425","1","6","9449","173"
"sample","4","20260910","48","CHALLENGE","4","47","48","30617","51346","1205208","1","6","9165","151"
"sample","4","20260910","49","ADVANCE_ROUND","0","48","49","25568","88005","1121952","2","5","9021","0"
"sample","4","20260910","50","PLAY_ONE","0","49","50","11282","53781","1118395","2","5","9154","0"
"sample","4","20260910","51","CHALLENGE","3","50","51","6723","48891","1233471","1","6","9206","151"
"sample","4","20260910","52","ADVANCE_ROUND","0","51","52","25798","66304","1099770","2","5","9035","0"
"sample","4","20260910","53","PLAY_ONE","3","52","53","11191","56396","1097315","1","6","9295","173"
"sample","4","20260910","54","CHALLENGE","0","53","54","9228","46026","1109438","2","5","9005","0"
