run_kind,run_index,seed,step,operation,seat,reference_rule_view_ns
"warmup","0","20260910","11","START_GAME","0","24797"
"warmup","0","20260910","11","START_GAME","1","28573"
"warmup","0","20260910","11","START_GAME","2","24606"
"warmup","0","20260910","11","START_GAME","3","26370"
"warmup","0","20260910","11","START_GAME","4","57588"
"warmup","0","20260910","11","START_GAME","5","16301"
"warmup","0","20260910","12","PLAY_ONE","0","20779"
"warmup","0","20260910","12","PLAY_ONE","1","47309"
"warmup","0","20260910","12","PLAY_ONE","2","21671"
"warmup","0","20260910","12","PLAY_ONE","3","19616"
"warmup","0","20260910","12","PLAY_ONE","4","20689"
"warmup","0","20260910","12","PLAY_ONE","5","21630"
"warmup","0","20260910","13","PLAY_ONE","0","19707"
"warmup","0","20260910","13","PLAY_ONE","1","25307"
"warmup","0","20260910","13","PLAY_ONE","2","22923"
"warmup","0","20260910","13","PLAY_ONE","3","21039"
"warmup","0","20260910","13","PLAY_ONE","4","22652"
"warmup","0","20260910","13","PLAY_ONE","5","25958"
"warmup","0","20260910","14","PLAY_ONE","0","21680"
"warmup","0","20260910","14","PLAY_ONE","1","21470"
"warmup","0","20260910","14","PLAY_ONE","2","17903"
"warmup","0","20260910","14","PLAY_ONE","3","21150"
"warmup","0","20260910","14","PLAY_ONE","4","20459"
"warmup","0","20260910","14","PLAY_ONE","5","20197"
"warmup","0","20260910","15","PLAY_ONE","0","23664"
"warmup","0","20260910","15","PLAY_ONE","1","22803"
"warmup","0","20260910","15","PLAY_ONE","2","20769"
"warmup","0","20260910","15","PLAY_ONE","3","26580"
"warmup","0","20260910","15","PLAY_ONE","4","20449"
"warmup","0","20260910","15","PLAY_ONE","5","22773"
"warmup","0","20260910","16","PLAY_ONE","0","27120"
"warmup","0","20260910","16","PLAY_ONE","1","21270"
"warmup","0","20260910","16","PLAY_ONE","2","21130"
"warmup","0","20260910","16","PLAY_ONE","3","72947"
"warmup","0","20260910","16","PLAY_ONE","4","21580"
"warmup","0","20260910","16","PLAY_ONE","5","23003"
"warmup","0","20260910","17","PLAY_ONE","0","19766"
"warmup","0","20260910","17","PLAY_ONE","1","17834"
"warmup","0","20260910","17","PLAY_ONE","2","16802"
"warmup","0","20260910","17","PLAY_ONE","3","17853"
"warmup","0","20260910","17","PLAY_ONE","4","17413"
"warmup","0","20260910","17","PLAY_ONE","5","16701"
"warmup","0","20260910","18","CHALLENGE","0","17543"
"warmup","0","20260910","18","CHALLENGE","1","16752"
"warmup","0","20260910","18","CHALLENGE","2","16541"
"warmup","0","20260910","18","CHALLENGE","3","19246"
"warmup","0","20260910","18","CHALLENGE","4","18515"
"warmup","0","20260910","18","CHALLENGE","5","16842"
"warmup","0","20260910","19","ADVANCE_ROUND","0","20128"
"warmup","0","20260910","19","ADVANCE_ROUND","1","20298"
"warmup","0","20260910","19","ADVANCE_ROUND","2","33713"
"warmup","0","20260910","19","ADVANCE_ROUND","3","20549"
"warmup","0","20260910","19","ADVANCE_ROUND","4","19247"
"warmup","0","20260910","19","ADVANCE_ROUND","5","19055"
"warmup","0","20260910","20","PLAY_ONE","0","18786"
"warmup","0","20260910","20","PLAY_ONE","1","23234"
"warmup","0","20260910","20","PLAY_ONE","2","16431"
"warmup","0","20260910","20","PLAY_ONE","3","17333"
"warmup","0","20260910","20","PLAY_ONE","4","17963"
"warmup","0","20260910","20","PLAY_ONE","5","16370"
"warmup","0","20260910","21","CHALLENGE","0","15969"
"warmup","0","20260910","21","CHALLENGE","1","15099"
"warmup","0","20260910","21","CHALLENGE","2","14637"
"warmup","0","20260910","21","CHALLENGE","3","14267"
"warmup","0","20260910","21","CHALLENGE","4","14407"
"warmup","0","20260910","21","CHALLENGE","5","13786"
"warmup","0","20260910","22","ADVANCE_ROUND","0","18114"
"warmup","0","20260910","22","ADVANCE_ROUND","1","16110"
"warmup","0","20260910","22","ADVANCE_ROUND","2","16621"
"warmup","0","20260910","22","ADVANCE_ROUND","3","17272"
"warmup","0","20260910","22","ADVANCE_ROUND","4","22272"
"warmup","0","20260910","22","ADVANCE_ROUND","5","16711"
"warmup","0","20260910","23","PLAY_ONE","0","19146"
"warmup","0","20260910","23","PLAY_ONE","1","17002"
"warmup","0","20260910","23","PLAY_ONE","2","16831"
"warmup","0","20260910","23","PLAY_ONE","3","18545"
"warmup","0","20260910","23","PLAY_ONE","4","137909"
"warmup","0","20260910","23","PLAY_ONE","5","16821"
"warmup","0","20260910","24","CHALLENGE","0","20939"
"warmup","0","20260910","24","CHALLENGE","1","16932"
"warmup","0","20260910","24","CHALLENGE","2","12563"
"warmup","0","20260910","24","CHALLENGE","3","15088"
"warmup","0","20260910","24","CHALLENGE","4","14668"
"warmup","0","20260910","24","CHALLENGE","5","14908"
"warmup","0","20260910","25","ADVANCE_ROUND","0","23264"
"warmup","0","20260910","25","ADVANCE_ROUND","1","17443"
"warmup","0","20260910","25","ADVANCE_ROUND","2","12814"
"warmup","0","20260910","25","ADVANCE_ROUND","3","18885"
"warmup","0","20260910","25","ADVANCE_ROUND","4","16801"
"warmup","0","20260910","25","ADVANCE_ROUND","5","18565"
"warmup","0","20260910","26","PLAY_ONE","0","28112"
"warmup","0","20260910","26","PLAY_ONE","1","17463"
"warmup","0","20260910","26","PLAY_ONE","2","11651"
"warmup","0","20260910","26","PLAY_ONE","3","14837"
"warmup","0","20260910","26","PLAY_ONE","4","15499"
"warmup","0","20260910","26","PLAY_ONE","5","14447"
"warmup","0","20260910","27","CHALLENGE","0","12092"
"warmup","0","20260910","27","CHALLENGE","1","11200"
"warmup","0","20260910","27","CHALLENGE","2","9358"
"warmup","0","20260910","27","CHALLENGE","3","11581"
"warmup","0","20260910","27","CHALLENGE","4","11942"
"warmup","0","20260910","27","CHALLENGE","5","11592"
"warmup","0","20260910","28","ADVANCE_ROUND","0","13967"
"warmup","0","20260910","28","ADVANCE_ROUND","1","12283"
"warmup","0","20260910","28","ADVANCE_ROUND","2","10510"
"warmup","0","20260910","28","ADVANCE_ROUND","3","13085"
"warmup","0","20260910","28","ADVANCE_ROUND","4","13044"
"warmup","0","20260910","28","ADVANCE_ROUND","5","12543"
"warmup","0","20260910","29","PLAY_ONE","0","12954"
"warmup","0","20260910","29","PLAY_ONE","1","13625"
"warmup","0","20260910","29","PLAY_ONE","2","10841"
"warmup","0","20260910","29","PLAY_ONE","3","12934"
"warmup","0","20260910","29","PLAY_ONE","4","14918"
"warmup","0","20260910","29","PLAY_ONE","5","14076"
"warmup","0","20260910","30","CHALLENGE","0","11552"
"warmup","0","20260910","30","CHALLENGE","1","10750"
"warmup","0","20260910","30","CHALLENGE","2","8687"
"warmup","0","20260910","30","CHALLENGE","3","10379"
"warmup","0","20260910","30","CHALLENGE","4","38522"
"warmup","0","20260910","30","CHALLENGE","5","10530"
"warmup","0","20260910","31","ADVANCE_ROUND","0","18084"
"warmup","0","20260910","31","ADVANCE_ROUND","1","16441"
"warmup","0","20260910","31","ADVANCE_ROUND","2","13866"
"warmup","0","20260910","31","ADVANCE_ROUND","3","15860"
"warmup","0","20260910","31","ADVANCE_ROUND","4","14808"
"warmup","0","20260910","31","ADVANCE_ROUND","5","16010"
"warmup","0","20260910","32","PLAY_ONE","0","10149"
"warmup","0","20260910","32","PLAY_ONE","1","6452"
"warmup","0","20260910","32","PLAY_ONE","2","5931"
"warmup","0","20260910","32","PLAY_ONE","3","6572"
"warmup","0","20260910","32","PLAY_ONE","4","8125"
"warmup","0","20260910","32","PLAY_ONE","5","7234"
"warmup","0","20260910","33","CHALLENGE","0","5811"
"warmup","0","20260910","33","CHALLENGE","1","4359"
"warmup","0","20260910","33","CHALLENGE","2","4148"
"warmup","0","20260910","33","CHALLENGE","3","4308"
"warmup","0","20260910","33","CHALLENGE","4","4208"
"warmup","0","20260910","33","CHALLENGE","5","3577"
"warmup","0","20260910","34","ADVANCE_ROUND","0","8666"
"warmup","0","20260910","34","ADVANCE_ROUND","1","6271"
"warmup","0","20260910","34","ADVANCE_ROUND","2","5791"
"warmup","0","20260910","34","ADVANCE_ROUND","3","6081"
"warmup","0","20260910","34","ADVANCE_ROUND","4","6473"
"warmup","0","20260910","34","ADVANCE_ROUND","5","5390"
"warmup","0","20260910","35","PLAY_ONE","0","7144"
"warmup","0","20260910","35","PLAY_ONE","1","6241"
"warmup","0","20260910","35","PLAY_ONE","2","5480"
"warmup","0","20260910","35","PLAY_ONE","3","6041"
"warmup","0","20260910","35","PLAY_ONE","4","6151"
"warmup","0","20260910","35","PLAY_ONE","5","5550"
"warmup","0","20260910","36","CHALLENGE","0","5401"
"warmup","0","20260910","36","CHALLENGE","1","3607"
"warmup","0","20260910","36","CHALLENGE","2","3566"
"warmup","0","20260910","36","CHALLENGE","3","4418"
"warmup","0","20260910","36","CHALLENGE","4","4658"
"warmup","0","20260910","36","CHALLENGE","5","3827"
"warmup","0","20260910","37","ADVANCE_ROUND","0","34405"
"warmup","0","20260910","37","ADVANCE_ROUND","1","5711"
"warmup","0","20260910","37","ADVANCE_ROUND","2","4909"
"warmup","0","20260910","37","ADVANCE_ROUND","3","5790"
"warmup","0","20260910","37","ADVANCE_ROUND","4","5740"
"warmup","0","20260910","37","ADVANCE_ROUND","5","5300"
"warmup","0","20260910","38","PLAY_ONE","0","11671"
"warmup","0","20260910","38","PLAY_ONE","1","6823"
"warmup","0","20260910","38","PLAY_ONE","2","5110"
"warmup","0","20260910","38","PLAY_ONE","3","5490"
"warmup","0","20260910","38","PLAY_ONE","4","5720"
"warmup","0","20260910","38","PLAY_ONE","5","5100"
"warmup","0","20260910","39","CHALLENGE","0","4679"
"warmup","0","20260910","39","CHALLENGE","1","3297"
"warmup","0","20260910","39","CHALLENGE","2","2906"
"warmup","0","20260910","39","CHALLENGE","3","3557"
"warmup","0","20260910","39","CHALLENGE","4","3747"
"warmup","0","20260910","39","CHALLENGE","5","3136"
"warmup","0","20260910","40","ADVANCE_ROUND","0","12954"
"warmup","0","20260910","40","ADVANCE_ROUND","1","4449"
"warmup","0","20260910","40","ADVANCE_ROUND","2","4368"
"warmup","0","20260910","40","ADVANCE_ROUND","3","5140"
"warmup","0","20260910","40","ADVANCE_ROUND","4","5150"
"warmup","0","20260910","40","ADVANCE_ROUND","5","4508"
"warmup","0","20260910","41","PLAY_ONE","0","45796"
"warmup","0","20260910","41","PLAY_ONE","1","3576"
"warmup","0","20260910","41","PLAY_ONE","2","3687"
"warmup","0","20260910","41","PLAY_ONE","3","4058"
"warmup","0","20260910","41","PLAY_ONE","4","4258"
"warmup","0","20260910","41","PLAY_ONE","5","3497"
"warmup","0","20260910","42","CHALLENGE","0","5250"
"warmup","0","20260910","42","CHALLENGE","1","2975"
"warmup","0","20260910","42","CHALLENGE","2","3156"
"warmup","0","20260910","42","CHALLENGE","3","3957"
"warmup","0","20260910","42","CHALLENGE","4","3466"
"warmup","0","20260910","42","CHALLENGE","5","3156"
"warmup","0","20260910","43","ADVANCE_ROUND","0","5210"
"warmup","0","20260910","43","ADVANCE_ROUND","1","3657"
"warmup","0","20260910","43","ADVANCE_ROUND","2","3286"
"warmup","0","20260910","43","ADVANCE_ROUND","3","3647"
"warmup","0","20260910","43","ADVANCE_ROUND","4","3717"
"warmup","0","20260910","43","ADVANCE_ROUND","5","3497"
"warmup","0","20260910","44","PLAY_ONE","0","5130"
"warmup","0","20260910","44","PLAY_ONE","1","3807"
"warmup","0","20260910","44","PLAY_ONE","2","4138"
"warmup","0","20260910","44","PLAY_ONE","3","4168"
"warmup","0","20260910","44","PLAY_ONE","4","4588"
"warmup","0","20260910","44","PLAY_ONE","5","3437"
"warmup","0","20260910","45","CHALLENGE","0","4228"
"warmup","0","20260910","45","CHALLENGE","1","48140"
"warmup","0","20260910","45","CHALLENGE","2","3036"
"warmup","0","20260910","45","CHALLENGE","3","3166"
"warmup","0","20260910","45","CHALLENGE","4","3105"
"warmup","0","20260910","45","CHALLENGE","5","2655"
"warmup","0","20260910","46","ADVANCE_ROUND","0","13786"
"warmup","0","20260910","46","ADVANCE_ROUND","1","3327"
"warmup","0","20260910","46","ADVANCE_ROUND","2","3126"
"warmup","0","20260910","46","ADVANCE_ROUND","3","3707"
"warmup","0","20260910","46","ADVANCE_ROUND","4","3758"
"warmup","0","20260910","46","ADVANCE_ROUND","5","4869"
"warmup","0","20260910","47","PLAY_ONE","0","11581"
"warmup","0","20260910","47","PLAY_ONE","1","3336"
"warmup","0","20260910","47","PLAY_ONE","2","2795"
"warmup","0","20260910","47","PLAY_ONE","3","3367"
"warmup","0","20260910","47","PLAY_ONE","4","3256"
"warmup","0","20260910","47","PLAY_ONE","5","2695"
"warmup","0","20260910","48","CHALLENGE","0","3627"
"warmup","0","20260910","48","CHALLENGE","1","2474"
"warmup","0","20260910","48","CHALLENGE","2","2455"
"warmup","0","20260910","48","CHALLENGE","3","2705"
"warmup","0","20260910","48","CHALLENGE","4","2474"
"warmup","0","20260910","48","CHALLENGE","5","2444"
"warmup","0","20260910","49","ADVANCE_ROUND","0","4468"
"warmup","0","20260910","49","ADVANCE_ROUND","1","2926"
"warmup","0","20260910","49","ADVANCE_ROUND","2","2715"
"warmup","0","20260910","49","ADVANCE_ROUND","3","3246"
"warmup","0","20260910","49","ADVANCE_ROUND","4","2345"
"warmup","0","20260910","49","ADVANCE_ROUND","5","2534"
"warmup","0","20260910","50","PLAY_ONE","0","5069"
"warmup","0","20260910","50","PLAY_ONE","1","2895"
"warmup","0","20260910","50","PLAY_ONE","2","2715"
"warmup","0","20260910","50","PLAY_ONE","3","3687"
"warmup","0","20260910","50","PLAY_ONE","4","2505"
"warmup","0","20260910","50","PLAY_ONE","5","2284"
"warmup","0","20260910","51","CHALLENGE","0","3106"
"warmup","0","20260910","51","CHALLENGE","1","2364"
"warmup","0","20260910","51","CHALLENGE","2","2173"
"warmup","0","20260910","51","CHALLENGE","3","2565"
"warmup","0","20260910","51","CHALLENGE","4","2074"
"warmup","0","20260910","51","CHALLENGE","5","2134"
"warmup","0","20260910","52","ADVANCE_ROUND","0","3687"
"warmup","0","20260910","52","ADVANCE_ROUND","1","2474"
"warmup","0","20260910","52","ADVANCE_ROUND","2","2374"
"warmup","0","20260910","52","ADVANCE_ROUND","3","2765"
"warmup","0","20260910","52","ADVANCE_ROUND","4","2485"
"warmup","0","20260910","52","ADVANCE_ROUND","5","2304"
"warmup","0","20260910","53","PLAY_ONE","0","3857"
"warmup","0","20260910","53","PLAY_ONE","1","2425"
"warmup","0","20260910","53","PLAY_ONE","2","3636"
"warmup","0","20260910","53","PLAY_ONE","3","2855"
"warmup","0","20260910","53","PLAY_ONE","4","2405"
"warmup","0","20260910","53","PLAY_ONE","5","2254"
"warmup","0","20260910","54","CHALLENGE","0","3086"
"warmup","0","20260910","54","CHALLENGE","1","2465"
"warmup","0","20260910","54","CHALLENGE","2","2185"
"warmup","0","20260910","54","CHALLENGE","3","2845"
"warmup","0","20260910","54","CHALLENGE","4","1983"
"warmup","0","20260910","54","CHALLENGE","5","1973"
"warmup","1","20260910","11","START_GAME","0","3246"
"warmup","1","20260910","11","START_GAME","1","2544"
"warmup","1","20260910","11","START_GAME","2","2244"
"warmup","1","20260910","11","START_GAME","3","2314"
"warmup","1","20260910","11","START_GAME","4","2374"
"warmup","1","20260910","11","START_GAME","5","2515"
"warmup","1","20260910","12","PLAY_ONE","0","4408"
"warmup","1","20260910","12","PLAY_ONE","1","2966"
"warmup","1","20260910","12","PLAY_ONE","2","2585"
"warmup","1","20260910","12","PLAY_ONE","3","2475"
"warmup","1","20260910","12","PLAY_ONE","4","2676"
"warmup","1","20260910","12","PLAY_ONE","5","2344"
"warmup","1","20260910","13","PLAY_ONE","0","3477"
"warmup","1","20260910","13","PLAY_ONE","1","2775"
"warmup","1","20260910","13","PLAY_ONE","2","2875"
"warmup","1","20260910","13","PLAY_ONE","3","2375"
"warmup","1","20260910","13","PLAY_ONE","4","2766"
"warmup","1","20260910","13","PLAY_ONE","5","2765"
"warmup","1","20260910","14","PLAY_ONE","0","3006"
"warmup","1","20260910","14","PLAY_ONE","1","2695"
"warmup","1","20260910","14","PLAY_ONE","2","2886"
"warmup","1","20260910","14","PLAY_ONE","3","2525"
"warmup","1","20260910","14","PLAY_ONE","4","2465"
"warmup","1","20260910","14","PLAY_ONE","5","3757"
"warmup","1","20260910","15","PLAY_ONE","0","3637"
"warmup","1","20260910","15","PLAY_ONE","1","2635"
"warmup","1","20260910","15","PLAY_ONE","2","2555"
"warmup","1","20260910","15","PLAY_ONE","3","2745"
"warmup","1","20260910","15","PLAY_ONE","4","2655"
"warmup","1","20260910","15","PLAY_ONE","5","2545"
"warmup","1","20260910","16","PLAY_ONE","0","3837"
"warmup","1","20260910","16","PLAY_ONE","1","2906"
"warmup","1","20260910","16","PLAY_ONE","2","2364"
"warmup","1","20260910","16","PLAY_ONE","3","2354"
"warmup","1","20260910","16","PLAY_ONE","4","2454"
"warmup","1","20260910","16","PLAY_ONE","5","2816"
"warmup","1","20260910","17","PLAY_ONE","0","3076"
"warmup","1","20260910","17","PLAY_ONE","1","2354"
"warmup","1","20260910","17","PLAY_ONE","2","2325"
"warmup","1","20260910","17","PLAY_ONE","3","2274"
"warmup","1","20260910","17","PLAY_ONE","4","2224"
"warmup","1","20260910","17","PLAY_ONE","5","2264"
"warmup","1","20260910","18","CHALLENGE","0","3747"
"warmup","1","20260910","18","CHALLENGE","1","2935"
"warmup","1","20260910","18","CHALLENGE","2","2384"
"warmup","1","20260910","18","CHALLENGE","3","2244"
"warmup","1","20260910","18","CHALLENGE","4","2374"
"warmup","1","20260910","18","CHALLENGE","5","2425"
"warmup","1","20260910","19","ADVANCE_ROUND","0","3377"
"warmup","1","20260910","19","ADVANCE_ROUND","1","3467"
"warmup","1","20260910","19","ADVANCE_ROUND","2","2875"
"warmup","1","20260910","19","ADVANCE_ROUND","3","2785"
"warmup","1","20260910","19","ADVANCE_ROUND","4","2675"
"warmup","1","20260910","19","ADVANCE_ROUND","5","2876"
"warmup","1","20260910","20","PLAY_ONE","0","3337"
"warmup","1","20260910","20","PLAY_ONE","1","3076"
"warmup","1","20260910","20","PLAY_ONE","2","3055"
"warmup","1","20260910","20","PLAY_ONE","3","2966"
"warmup","1","20260910","20","PLAY_ONE","4","2755"
"warmup","1","20260910","20","PLAY_ONE","5","2865"
"warmup","1","20260910","21","CHALLENGE","0","2865"
"warmup","1","20260910","21","CHALLENGE","1","2515"
"warmup","1","20260910","21","CHALLENGE","2","2515"
"warmup","1","20260910","21","CHALLENGE","3","3066"
"warmup","1","20260910","21","CHALLENGE","4","2475"
"warmup","1","20260910","21","CHALLENGE","5","2404"
"warmup","1","20260910","22","ADVANCE_ROUND","0","3356"
"warmup","1","20260910","22","ADVANCE_ROUND","1","2915"
"warmup","1","20260910","22","ADVANCE_ROUND","2","2875"
"warmup","1","20260910","22","ADVANCE_ROUND","3","3387"
"warmup","1","20260910","22","ADVANCE_ROUND","4","2805"
"warmup","1","20260910","22","ADVANCE_ROUND","5","3086"
"warmup","1","20260910","23","PLAY_ONE","0","3537"
"warmup","1","20260910","23","PLAY_ONE","1","3747"
"warmup","1","20260910","23","PLAY_ONE","2","2795"
"warmup","1","20260910","23","PLAY_ONE","3","2785"
"warmup","1","20260910","23","PLAY_ONE","4","2695"
"warmup","1","20260910","23","PLAY_ONE","5","2765"
"warmup","1","20260910","24","CHALLENGE","0","3026"
"warmup","1","20260910","24","CHALLENGE","1","2574"
"warmup","1","20260910","24","CHALLENGE","2","1914"
"warmup","1","20260910","24","CHALLENGE","3","2575"
"warmup","1","20260910","24","CHALLENGE","4","2725"
"warmup","1","20260910","24","CHALLENGE","5","2766"
"warmup","1","20260910","25","ADVANCE_ROUND","0","4077"
"warmup","1","20260910","25","ADVANCE_ROUND","1","3036"
"warmup","1","20260910","25","ADVANCE_ROUND","2","2655"
"warmup","1","20260910","25","ADVANCE_ROUND","3","3086"
"warmup","1","20260910","25","ADVANCE_ROUND","4","2965"
"warmup","1","20260910","25","ADVANCE_ROUND","5","2946"
"warmup","1","20260910","26","PLAY_ONE","0","3517"
"warmup","1","20260910","26","PLAY_ONE","1","3086"
"warmup","1","20260910","26","PLAY_ONE","2","2354"
"warmup","1","20260910","26","PLAY_ONE","3","2845"
"warmup","1","20260910","26","PLAY_ONE","4","3136"
"warmup","1","20260910","26","PLAY_ONE","5","2796"
"warmup","1","20260910","27","CHALLENGE","0","3797"
"warmup","1","20260910","27","CHALLENGE","1","2946"
"warmup","1","20260910","27","CHALLENGE","2","2454"
"warmup","1","20260910","27","CHALLENGE","3","3166"
"warmup","1","20260910","27","CHALLENGE","4","2795"
"warmup","1","20260910","27","CHALLENGE","5","2926"
"warmup","1","20260910","28","ADVANCE_ROUND","0","3727"
"warmup","1","20260910","28","ADVANCE_ROUND","1","5390"
"warmup","1","20260910","28","ADVANCE_ROUND","2","3286"
"warmup","1","20260910","28","ADVANCE_ROUND","3","2896"
"warmup","1","20260910","28","ADVANCE_ROUND","4","2605"
"warmup","1","20260910","28","ADVANCE_ROUND","5","2544"
"warmup","1","20260910","29","PLAY_ONE","0","4017"
"warmup","1","20260910","29","PLAY_ONE","1","3356"
"warmup","1","20260910","29","PLAY_ONE","2","2344"
"warmup","1","20260910","29","PLAY_ONE","3","3286"
"warmup","1","20260910","29","PLAY_ONE","4","2975"
"warmup","1","20260910","29","PLAY_ONE","5","4338"
"warmup","1","20260910","30","CHALLENGE","0","3276"
"warmup","1","20260910","30","CHALLENGE","1","2575"
"warmup","1","20260910","30","CHALLENGE","2","2064"
"warmup","1","20260910","30","CHALLENGE","3","2324"
"warmup","1","20260910","30","CHALLENGE","4","2565"
"warmup","1","20260910","30","CHALLENGE","5","2355"
"warmup","1","20260910","31","ADVANCE_ROUND","0","3697"
"warmup","1","20260910","31","ADVANCE_ROUND","1","3075"
"warmup","1","20260910","31","ADVANCE_ROUND","2","2234"
"warmup","1","20260910","31","ADVANCE_ROUND","3","2725"
"warmup","1","20260910","31","ADVANCE_ROUND","4","2645"
"warmup","1","20260910","31","ADVANCE_ROUND","5","2866"
"warmup","1","20260910","32","PLAY_ONE","0","4148"
"warmup","1","20260910","32","PLAY_ONE","1","3396"
"warmup","1","20260910","32","PLAY_ONE","2","2504"
"warmup","1","20260910","32","PLAY_ONE","3","3016"
"warmup","1","20260910","32","PLAY_ONE","4","3086"
"warmup","1","20260910","32","PLAY_ONE","5","2835"
"warmup","1","20260910","33","CHALLENGE","0","3707"
"warmup","1","20260910","33","CHALLENGE","1","3887"
"warmup","1","20260910","33","CHALLENGE","2","2635"
"warmup","1","20260910","33","CHALLENGE","3","3076"
"warmup","1","20260910","33","CHALLENGE","4","3045"
"warmup","1","20260910","33","CHALLENGE","5","2385"
"warmup","1","20260910","34","ADVANCE_ROUND","0","4388"
"warmup","1","20260910","34","ADVANCE_ROUND","1","3757"
"warmup","1","20260910","34","ADVANCE_ROUND","2","3116"
"warmup","1","20260910","34","ADVANCE_ROUND","3","3306"
"warmup","1","20260910","34","ADVANCE_ROUND","4","3376"
"warmup","1","20260910","34","ADVANCE_ROUND","5","2966"
"warmup","1","20260910","35","PLAY_ONE","0","4288"
"warmup","1","20260910","35","PLAY_ONE","1","4098"
"warmup","1","20260910","35","PLAY_ONE","2","2605"
"warmup","1","20260910","35","PLAY_ONE","3","3646"
"warmup","1","20260910","35","PLAY_ONE","4","3828"
"warmup","1","20260910","35","PLAY_ONE","5","3126"
"warmup","1","20260910","36","CHALLENGE","0","4027"
"warmup","1","20260910","36","CHALLENGE","1","2024"
"warmup","1","20260910","36","CHALLENGE","2","2054"
"warmup","1","20260910","36","CHALLENGE","3","2575"
"warmup","1","20260910","36","CHALLENGE","4","2595"
"warmup","1","20260910","36","CHALLENGE","5","2555"
"warmup","1","20260910","37","ADVANCE_ROUND","0","4138"
"warmup","1","20260910","37","ADVANCE_ROUND","1","2325"
"warmup","1","20260910","37","ADVANCE_ROUND","2","2064"
"warmup","1","20260910","37","ADVANCE_ROUND","3","2906"
"warmup","1","20260910","37","ADVANCE_ROUND","4","2805"
"warmup","1","20260910","37","ADVANCE_ROUND","5","2384"
"warmup","1","20260910","38","PLAY_ONE","0","4017"
"warmup","1","20260910","38","PLAY_ONE","1","2335"
"warmup","1","20260910","38","PLAY_ONE","2","2264"
"warmup","1","20260910","38","PLAY_ONE","3","2655"
"warmup","1","20260910","38","PLAY_ONE","4","3075"
"warmup","1","20260910","38","PLAY_ONE","5","2595"
"warmup","1","20260910","39","CHALLENGE","0","4037"
"warmup","1","20260910","39","CHALLENGE","1","2134"
"warmup","1","20260910","39","CHALLENGE","2","1903"
"warmup","1","20260910","39","CHALLENGE","3","2305"
"warmup","1","20260910","39","CHALLENGE","4","2345"
"warmup","1","20260910","39","CHALLENGE","5","3036"
"warmup","1","20260910","40","ADVANCE_ROUND","0","3487"
"warmup","1","20260910","40","ADVANCE_ROUND","1","2475"
"warmup","1","20260910","40","ADVANCE_ROUND","2","2515"
"warmup","1","20260910","40","ADVANCE_ROUND","3","2665"
"warmup","1","20260910","40","ADVANCE_ROUND","4","2815"
"warmup","1","20260910","40","ADVANCE_ROUND","5","2164"
"warmup","1","20260910","41","PLAY_ONE","0","3707"
"warmup","1","20260910","41","PLAY_ONE","1","2415"
"warmup","1","20260910","41","PLAY_ONE","2","2114"
"warmup","1","20260910","41","PLAY_ONE","3","2835"
"warmup","1","20260910","41","PLAY_ONE","4","3496"
"warmup","1","20260910","41","PLAY_ONE","5","2434"
"warmup","1","20260910","42","CHALLENGE","0","3146"
"warmup","1","20260910","42","CHALLENGE","1","2184"
"warmup","1","20260910","42","CHALLENGE","2","2024"
"warmup","1","20260910","42","CHALLENGE","3","2405"
"warmup","1","20260910","42","CHALLENGE","4","2255"
"warmup","1","20260910","42","CHALLENGE","5","2214"
"warmup","1","20260910","43","ADVANCE_ROUND","0","3606"
"warmup","1","20260910","43","ADVANCE_ROUND","1","2515"
"warmup","1","20260910","43","ADVANCE_ROUND","2","2274"
"warmup","1","20260910","43","ADVANCE_ROUND","3","2845"
"warmup","1","20260910","43","ADVANCE_ROUND","4","2805"
"warmup","1","20260910","43","ADVANCE_ROUND","5","2344"
"warmup","1","20260910","44","PLAY_ONE","0","3677"
"warmup","1","20260910","44","PLAY_ONE","1","2364"
"warmup","1","20260910","44","PLAY_ONE","2","2375"
"warmup","1","20260910","44","PLAY_ONE","3","3006"
"warmup","1","20260910","44","PLAY_ONE","4","3216"
"warmup","1","20260910","44","PLAY_ONE","5","2535"
"warmup","1","20260910","45","CHALLENGE","0","3116"
"warmup","1","20260910","45","CHALLENGE","1","1823"
"warmup","1","20260910","45","CHALLENGE","2","1843"
"warmup","1","20260910","45","CHALLENGE","3","2435"
"warmup","1","20260910","45","CHALLENGE","4","2404"
"warmup","1","20260910","45","CHALLENGE","5","1974"
"warmup","1","20260910","46","ADVANCE_ROUND","0","3406"
"warmup","1","20260910","46","ADVANCE_ROUND","1","2304"
"warmup","1","20260910","46","ADVANCE_ROUND","2","2154"
"warmup","1","20260910","46","ADVANCE_ROUND","3","2846"
"warmup","1","20260910","46","ADVANCE_ROUND","4","2655"
"warmup","1","20260910","46","ADVANCE_ROUND","5","2274"
"warmup","1","20260910","47","PLAY_ONE","0","3977"
"warmup","1","20260910","47","PLAY_ONE","1","2575"
"warmup","1","20260910","47","PLAY_ONE","2","2595"
"warmup","1","20260910","47","PLAY_ONE","3","2905"
"warmup","1","20260910","47","PLAY_ONE","4","2996"
"warmup","1","20260910","47","PLAY_ONE","5","2465"
"warmup","1","20260910","48","CHALLENGE","0","3937"
"warmup","1","20260910","48","CHALLENGE","1","2385"
"warmup","1","20260910","48","CHALLENGE","2","2745"
"warmup","1","20260910","48","CHALLENGE","3","2996"
"warmup","1","20260910","48","CHALLENGE","4","2264"
"warmup","1","20260910","48","CHALLENGE","5","2384"
"warmup","1","20260910","49","ADVANCE_ROUND","0","3927"
"warmup","1","20260910","49","ADVANCE_ROUND","1","2534"
"warmup","1","20260910","49","ADVANCE_ROUND","2","2344"
"warmup","1","20260910","49","ADVANCE_ROUND","3","2966"
"warmup","1","20260910","49","ADVANCE_ROUND","4","2324"
"warmup","1","20260910","49","ADVANCE_ROUND","5","2435"
"warmup","1","20260910","50","PLAY_ONE","0","4138"
"warmup","1","20260910","50","PLAY_ONE","1","2364"
"warmup","1","20260910","50","PLAY_ONE","2","2204"
"warmup","1","20260910","50","PLAY_ONE","3","2955"
"warmup","1","20260910","50","PLAY_ONE","4","2344"
"warmup","1","20260910","50","PLAY_ONE","5","2374"
"warmup","1","20260910","51","CHALLENGE","0","3126"
"warmup","1","20260910","51","CHALLENGE","1","2104"
"warmup","1","20260910","51","CHALLENGE","2","2184"
"warmup","1","20260910","51","CHALLENGE","3","2444"
"warmup","1","20260910","51","CHALLENGE","4","2144"
"warmup","1","20260910","51","CHALLENGE","5","2014"
"warmup","1","20260910","52","ADVANCE_ROUND","0","4488"
"warmup","1","20260910","52","ADVANCE_ROUND","1","2946"
"warmup","1","20260910","52","ADVANCE_ROUND","2","2795"
"warmup","1","20260910","52","ADVANCE_ROUND","3","3336"
"warmup","1","20260910","52","ADVANCE_ROUND","4","2675"
"warmup","1","20260910","52","ADVANCE_ROUND","5","2895"
"warmup","1","20260910","53","PLAY_ONE","0","3577"
"warmup","1","20260910","53","PLAY_ONE","1","2234"
"warmup","1","20260910","53","PLAY_ONE","2","2315"
"warmup","1","20260910","53","PLAY_ONE","3","2975"
"warmup","1","20260910","53","PLAY_ONE","4","2474"
"warmup","1","20260910","53","PLAY_ONE","5","2325"
"warmup","1","20260910","54","CHALLENGE","0","2495"
"warmup","1","20260910","54","CHALLENGE","1","2234"
"warmup","1","20260910","54","CHALLENGE","2","3747"
"warmup","1","20260910","54","CHALLENGE","3","2775"
"warmup","1","20260910","54","CHALLENGE","4","2164"
"warmup","1","20260910","54","CHALLENGE","5","1994"
"sample","0","20260910","11","START_GAME","0","2996"
"sample","0","20260910","11","START_GAME","1","2494"
"sample","0","20260910","11","START_GAME","2","2485"
"sample","0","20260910","11","START_GAME","3","2364"
"sample","0","20260910","11","START_GAME","4","2425"
"sample","0","20260910","11","START_GAME","5","2415"
"sample","0","20260910","12","PLAY_ONE","0","3125"
"sample","0","20260910","12","PLAY_ONE","1","2795"
"sample","0","20260910","12","PLAY_ONE","2","2515"
"sample","0","20260910","12","PLAY_ONE","3","2705"
"sample","0","20260910","12","PLAY_ONE","4","2555"
"sample","0","20260910","12","PLAY_ONE","5","2795"
"sample","0","20260910","13","PLAY_ONE","0","2835"
"sample","0","20260910","13","PLAY_ONE","1","2435"
"sample","0","20260910","13","PLAY_ONE","2","2585"
"sample","0","20260910","13","PLAY_ONE","3","2324"
"sample","0","20260910","13","PLAY_ONE","4","2264"
"sample","0","20260910","13","PLAY_ONE","5","2324"
"sample","0","20260910","14","PLAY_ONE","0","8285"
"sample","0","20260910","14","PLAY_ONE","1","2615"
"sample","0","20260910","14","PLAY_ONE","2","2634"
"sample","0","20260910","14","PLAY_ONE","3","2645"
"sample","0","20260910","14","PLAY_ONE","4","2284"
"sample","0","20260910","14","PLAY_ONE","5","2294"
"sample","0","20260910","15","PLAY_ONE","0","2905"
"sample","0","20260910","15","PLAY_ONE","1","2184"
"sample","0","20260910","15","PLAY_ONE","2","2094"
"sample","0","20260910","15","PLAY_ONE","3","2124"
"sample","0","20260910","15","PLAY_ONE","4","2285"
"sample","0","20260910","15","PLAY_ONE","5","2193"
"sample","0","20260910","16","PLAY_ONE","0","3166"
"sample","0","20260910","16","PLAY_ONE","1","2725"
"sample","0","20260910","16","PLAY_ONE","2","2575"
"sample","0","20260910","16","PLAY_ONE","3","2485"
"sample","0","20260910","16","PLAY_ONE","4","2535"
"sample","0","20260910","16","PLAY_ONE","5","2716"
"sample","0","20260910","17","PLAY_ONE","0","2856"
"sample","0","20260910","17","PLAY_ONE","1","2414"
"sample","0","20260910","17","PLAY_ONE","2","2595"
"sample","0","20260910","17","PLAY_ONE","3","2525"
"sample","0","20260910","17","PLAY_ONE","4","2224"
"sample","0","20260910","17","PLAY_ONE","5","2165"
"sample","0","20260910","18","CHALLENGE","0","2935"
"sample","0","20260910","18","CHALLENGE","1","2384"
"sample","0","20260910","18","CHALLENGE","2","2155"
"sample","0","20260910","18","CHALLENGE","3","2153"
"sample","0","20260910","18","CHALLENGE","4","2264"
"sample","0","20260910","18","CHALLENGE","5","2254"
"sample","0","20260910","19","ADVANCE_ROUND","0","3436"
"sample","0","20260910","19","ADVANCE_ROUND","1","3426"
"sample","0","20260910","19","ADVANCE_ROUND","2","3136"
"sample","0","20260910","19","ADVANCE_ROUND","3","3125"
"sample","0","20260910","19","ADVANCE_ROUND","4","3176"
"sample","0","20260910","19","ADVANCE_ROUND","5","2836"
"sample","0","20260910","20","PLAY_ONE","0","5451"
"sample","0","20260910","20","PLAY_ONE","1","2916"
"sample","0","20260910","20","PLAY_ONE","2","1433"
"sample","0","20260910","20","PLAY_ONE","3","1373"
"sample","0","20260910","20","PLAY_ONE","4","3327"
"sample","0","20260910","20","PLAY_ONE","5","2766"
"sample","0","20260910","21","CHALLENGE","0","2674"
"sample","0","20260910","21","CHALLENGE","1","2234"
"sample","0","20260910","21","CHALLENGE","2","2094"
"sample","0","20260910","21","CHALLENGE","3","2124"
"sample","0","20260910","21","CHALLENGE","4","2184"
"sample","0","20260910","21","CHALLENGE","5","3166"
"sample","0","20260910","22","ADVANCE_ROUND","0","3206"
"sample","0","20260910","22","ADVANCE_ROUND","1","3206"
"sample","0","20260910","22","ADVANCE_ROUND","2","2465"
"sample","0","20260910","22","ADVANCE_ROUND","3","2615"
"sample","0","20260910","22","ADVANCE_ROUND","4","2775"
"sample","0","20260910","22","ADVANCE_ROUND","5","2855"
"sample","0","20260910","23","PLAY_ONE","0","2976"
"sample","0","20260910","23","PLAY_ONE","1","2494"
"sample","0","20260910","23","PLAY_ONE","2","2414"
"sample","0","20260910","23","PLAY_ONE","3","2595"
"sample","0","20260910","23","PLAY_ONE","4","2485"
"sample","0","20260910","23","PLAY_ONE","5","2766"
"sample","0","20260910","24","CHALLENGE","0","3948"
"sample","0","20260910","24","CHALLENGE","1","2475"
"sample","0","20260910","24","CHALLENGE","2","1673"
"sample","0","20260910","24","CHALLENGE","3","2274"
"sample","0","20260910","24","CHALLENGE","4","2184"
"sample","0","20260910","24","CHALLENGE","5","2144"
"sample","0","20260910","25","ADVANCE_ROUND","0","3146"
"sample","0","20260910","25","ADVANCE_ROUND","1","4418"
"sample","0","20260910","25","ADVANCE_ROUND","2","2024"
"sample","0","20260910","25","ADVANCE_ROUND","3","4028"
"sample","0","20260910","25","ADVANCE_ROUND","4","2565"
"sample","0","20260910","25","ADVANCE_ROUND","5","2595"
"sample","0","20260910","26","PLAY_ONE","0","3547"
"sample","0","20260910","26","PLAY_ONE","1","2965"
"sample","0","20260910","26","PLAY_ONE","2","2785"
"sample","0","20260910","26","PLAY_ONE","3","2926"
"sample","0","20260910","26","PLAY_ONE","4","3046"
"sample","0","20260910","26","PLAY_ONE","5","2745"
"sample","0","20260910","27","CHALLENGE","0","19887"
"sample","0","20260910","27","CHALLENGE","1","2615"
"sample","0","20260910","27","CHALLENGE","2","1804"
"sample","0","20260910","27","CHALLENGE","3","2334"
"sample","0","20260910","27","CHALLENGE","4","2345"
"sample","0","20260910","27","CHALLENGE","5","2285"
"sample","0","20260910","28","ADVANCE_ROUND","0","2896"
"sample","0","20260910","28","ADVANCE_ROUND","1","2304"
"sample","0","20260910","28","ADVANCE_ROUND","2","1833"
"sample","0","20260910","28","ADVANCE_ROUND","3","2915"
"sample","0","20260910","28","ADVANCE_ROUND","4","2535"
"sample","0","20260910","28","ADVANCE_ROUND","5","2534"
"sample","0","20260910","29","PLAY_ONE","0","3627"
"sample","0","20260910","29","PLAY_ONE","1","4328"
"sample","0","20260910","29","PLAY_ONE","2","2354"
"sample","0","20260910","29","PLAY_ONE","3","3076"
"sample","0","20260910","29","PLAY_ONE","4","3176"
"sample","0","20260910","29","PLAY_ONE","5","3026"
"sample","0","20260910","30","CHALLENGE","0","3055"
"sample","0","20260910","30","CHALLENGE","1","2505"
"sample","0","20260910","30","CHALLENGE","2","1894"
"sample","0","20260910","30","CHALLENGE","3","2405"
"sample","0","20260910","30","CHALLENGE","4","2254"
"sample","0","20260910","30","CHALLENGE","5","2505"
"sample","0","20260910","31","ADVANCE_ROUND","0","3006"
"sample","0","20260910","31","ADVANCE_ROUND","1","2505"
"sample","0","20260910","31","ADVANCE_ROUND","2","1924"
"sample","0","20260910","31","ADVANCE_ROUND","3","2414"
"sample","0","20260910","31","ADVANCE_ROUND","4","2565"
"sample","0","20260910","31","ADVANCE_ROUND","5","2605"
"sample","0","20260910","32","PLAY_ONE","0","3045"
"sample","0","20260910","32","PLAY_ONE","1","2725"
"sample","0","20260910","32","PLAY_ONE","2","2054"
"sample","0","20260910","32","PLAY_ONE","3","2505"
"sample","0","20260910","32","PLAY_ONE","4","2585"
"sample","0","20260910","32","PLAY_ONE","5","2484"
"sample","0","20260910","33","CHALLENGE","0","2524"
"sample","0","20260910","33","CHALLENGE","1","2164"
"sample","0","20260910","33","CHALLENGE","2","1553"
"sample","0","20260910","33","CHALLENGE","3","2014"
"sample","0","20260910","33","CHALLENGE","4","2184"
"sample","0","20260910","33","CHALLENGE","5","1723"
"sample","0","20260910","34","ADVANCE_ROUND","0","2976"
"sample","0","20260910","34","ADVANCE_ROUND","1","2494"
"sample","0","20260910","34","ADVANCE_ROUND","2","1953"
"sample","0","20260910","34","ADVANCE_ROUND","3","2474"
"sample","0","20260910","34","ADVANCE_ROUND","4","2514"
"sample","0","20260910","34","ADVANCE_ROUND","5","2034"
"sample","0","20260910","35","PLAY_ONE","0","3106"
"sample","0","20260910","35","PLAY_ONE","1","2574"
"sample","0","20260910","35","PLAY_ONE","2","1934"
"sample","0","20260910","35","PLAY_ONE","3","2525"
"sample","0","20260910","35","PLAY_ONE","4","2655"
"sample","0","20260910","35","PLAY_ONE","5","2124"
"sample","0","20260910","36","CHALLENGE","0","2785"
"sample","0","20260910","36","CHALLENGE","1","1633"
"sample","0","20260910","36","CHALLENGE","2","1813"
"sample","0","20260910","36","CHALLENGE","3","2294"
"sample","0","20260910","36","CHALLENGE","4","2295"
"sample","0","20260910","36","CHALLENGE","5","1813"
"sample","0","20260910","37","ADVANCE_ROUND","0","3386"
"sample","0","20260910","37","ADVANCE_ROUND","1","1894"
"sample","0","20260910","37","ADVANCE_ROUND","2","1984"
"sample","0","20260910","37","ADVANCE_ROUND","3","2735"
"sample","0","20260910","37","ADVANCE_ROUND","4","2524"
"sample","0","20260910","37","ADVANCE_ROUND","5","2304"
"sample","0","20260910","38","PLAY_ONE","0","3597"
"sample","0","20260910","38","PLAY_ONE","1","2154"
"sample","0","20260910","38","PLAY_ONE","2","1994"
"sample","0","20260910","38","PLAY_ONE","3","2745"
"sample","0","20260910","38","PLAY_ONE","4","2585"
"sample","0","20260910","38","PLAY_ONE","5","2124"
"sample","0","20260910","39","CHALLENGE","0","2885"
"sample","0","20260910","39","CHALLENGE","1","1723"
"sample","0","20260910","39","CHALLENGE","2","1653"
"sample","0","20260910","39","CHALLENGE","3","2194"
"sample","0","20260910","39","CHALLENGE","4","2104"
"sample","0","20260910","39","CHALLENGE","5","1723"
"sample","0","20260910","40","ADVANCE_ROUND","0","3046"
"sample","0","20260910","40","ADVANCE_ROUND","1","1904"
"sample","0","20260910","40","ADVANCE_ROUND","2","1883"
"sample","0","20260910","40","ADVANCE_ROUND","3","2715"
"sample","0","20260910","40","ADVANCE_ROUND","4","2525"
"sample","0","20260910","40","ADVANCE_ROUND","5","2094"
"sample","0","20260910","41","PLAY_ONE","0","3035"
"sample","0","20260910","41","PLAY_ONE","1","3025"
"sample","0","20260910","41","PLAY_ONE","2","1904"
"sample","0","20260910","41","PLAY_ONE","3","2354"
"sample","0","20260910","41","PLAY_ONE","4","2314"
"sample","0","20260910","41","PLAY_ONE","5","2044"
"sample","0","20260910","42","CHALLENGE","0","2875"
"sample","0","20260910","42","CHALLENGE","1","2104"
"sample","0","20260910","42","CHALLENGE","2","1784"
"sample","0","20260910","42","CHALLENGE","3","2164"
"sample","0","20260910","42","CHALLENGE","4","2465"
"sample","0","20260910","42","CHALLENGE","5","2054"
"sample","0","20260910","43","ADVANCE_ROUND","0","3656"
"sample","0","20260910","43","ADVANCE_ROUND","1","2135"
"sample","0","20260910","43","ADVANCE_ROUND","2","1873"
"sample","0","20260910","43","ADVANCE_ROUND","3","2454"
"sample","0","20260910","43","ADVANCE_ROUND","4","2945"
"sample","0","20260910","43","ADVANCE_ROUND","5","2004"
"sample","0","20260910","44","PLAY_ONE","0","4158"
"sample","0","20260910","44","PLAY_ONE","1","2585"
"sample","0","20260910","44","PLAY_ONE","2","2374"
"sample","0","20260910","44","PLAY_ONE","3","2986"
"sample","0","20260910","44","PLAY_ONE","4","3086"
"sample","0","20260910","44","PLAY_ONE","5","2515"
"sample","0","20260910","45","CHALLENGE","0","4478"
"sample","0","20260910","45","CHALLENGE","1","2444"
"sample","0","20260910","45","CHALLENGE","2","2164"
"sample","0","20260910","45","CHALLENGE","3","2725"
"sample","0","20260910","45","CHALLENGE","4","3707"
"sample","0","20260910","45","CHALLENGE","5","2324"
"sample","0","20260910","46","ADVANCE_ROUND","0","3727"
"sample","0","20260910","46","ADVANCE_ROUND","1","2665"
"sample","0","20260910","46","ADVANCE_ROUND","2","2314"
"sample","0","20260910","46","ADVANCE_ROUND","3","3146"
"sample","0","20260910","46","ADVANCE_ROUND","4","3055"
"sample","0","20260910","46","ADVANCE_ROUND","5","2525"
"sample","0","20260910","47","PLAY_ONE","0","4108"
"sample","0","20260910","47","PLAY_ONE","1","2625"
"sample","0","20260910","47","PLAY_ONE","2","2495"
"sample","0","20260910","47","PLAY_ONE","3","2806"
"sample","0","20260910","47","PLAY_ONE","4","3006"
"sample","0","20260910","47","PLAY_ONE","5","2415"
"sample","0","20260910","48","CHALLENGE","0","2755"
"sample","0","20260910","48","CHALLENGE","1","1733"
"sample","0","20260910","48","CHALLENGE","2","1633"
"sample","0","20260910","48","CHALLENGE","3","2474"
"sample","0","20260910","48","CHALLENGE","4","1774"
"sample","0","20260910","48","CHALLENGE","5","1974"
"sample","0","20260910","49","ADVANCE_ROUND","0","3196"
"sample","0","20260910","49","ADVANCE_ROUND","1","1874"
"sample","0","20260910","49","ADVANCE_ROUND","2","2114"
"sample","0","20260910","49","ADVANCE_ROUND","3","2364"
"sample","0","20260910","49","ADVANCE_ROUND","4","1974"
"sample","0","20260910","49","ADVANCE_ROUND","5","2073"
"sample","0","20260910","50","PLAY_ONE","0","3246"
"sample","0","20260910","50","PLAY_ONE","1","2033"
"sample","0","20260910","50","PLAY_ONE","2","1873"
"sample","0","20260910","50","PLAY_ONE","3","2545"
"sample","0","20260910","50","PLAY_ONE","4","1993"
"sample","0","20260910","50","PLAY_ONE","5","2976"
"sample","0","20260910","51","CHALLENGE","0","3096"
"sample","0","20260910","51","CHALLENGE","1","1793"
"sample","0","20260910","51","CHALLENGE","2","1874"
"sample","0","20260910","51","CHALLENGE","3","2254"
"sample","0","20260910","51","CHALLENGE","4","2035"
"sample","0","20260910","51","CHALLENGE","5","1853"
"sample","0","20260910","52","ADVANCE_ROUND","0","3115"
"sample","0","20260910","52","ADVANCE_ROUND","1","1943"
"sample","0","20260910","52","ADVANCE_ROUND","2","2285"
"sample","0","20260910","52","ADVANCE_ROUND","3","2595"
"sample","0","20260910","52","ADVANCE_ROUND","4","2225"
"sample","0","20260910","52","ADVANCE_ROUND","5","2074"
"sample","0","20260910","53","PLAY_ONE","0","3316"
"sample","0","20260910","53","PLAY_ONE","1","2254"
"sample","0","20260910","53","PLAY_ONE","2","2044"
"sample","0","20260910","53","PLAY_ONE","3","2445"
"sample","0","20260910","53","PLAY_ONE","4","2033"
"sample","0","20260910","53","PLAY_ONE","5","2024"
"sample","0","20260910","54","CHALLENGE","0","2455"
"sample","0","20260910","54","CHALLENGE","1","2134"
"sample","0","20260910","54","CHALLENGE","2","1954"
"sample","0","20260910","54","CHALLENGE","3","2625"
"sample","0","20260910","54","CHALLENGE","4","1884"
"sample","0","20260910","54","CHALLENGE","5","2023"
"sample","1","20260910","11","START_GAME","0","2876"
"sample","1","20260910","11","START_GAME","1","2244"
"sample","1","20260910","11","START_GAME","2","2024"
"sample","1","20260910","11","START_GAME","3","2044"
"sample","1","20260910","11","START_GAME","4","2054"
"sample","1","20260910","11","START_GAME","5","2024"
"sample","1","20260910","12","PLAY_ONE","0","2405"
"sample","1","20260910","12","PLAY_ONE","1","2194"
"sample","1","20260910","12","PLAY_ONE","2","2114"
"sample","1","20260910","12","PLAY_ONE","3","2144"
"sample","1","20260910","12","PLAY_ONE","4","2124"
"sample","1","20260910","12","PLAY_ONE","5","2114"
"sample","1","20260910","13","PLAY_ONE","0","2545"
"sample","1","20260910","13","PLAY_ONE","1","2104"
"sample","1","20260910","13","PLAY_ONE","2","2274"
"sample","1","20260910","13","PLAY_ONE","3","2174"
"sample","1","20260910","13","PLAY_ONE","4","2124"
"sample","1","20260910","13","PLAY_ONE","5","2184"
"sample","1","20260910","14","PLAY_ONE","0","2444"
"sample","1","20260910","14","PLAY_ONE","1","2084"
"sample","1","20260910","14","PLAY_ONE","2","2013"
"sample","1","20260910","14","PLAY_ONE","3","2204"
"sample","1","20260910","14","PLAY_ONE","4","2154"
"sample","1","20260910","14","PLAY_ONE","5","2204"
"sample","1","20260910","15","PLAY_ONE","0","2505"
"sample","1","20260910","15","PLAY_ONE","1","2095"
"sample","1","20260910","15","PLAY_ONE","2","2124"
"sample","1","20260910","15","PLAY_ONE","3","2014"
"sample","1","20260910","15","PLAY_ONE","4","2164"
"sample","1","20260910","15","PLAY_ONE","5","2214"
"sample","1","20260910","16","PLAY_ONE","0","2505"
"sample","1","20260910","16","PLAY_ONE","1","2134"
"sample","1","20260910","16","PLAY_ONE","2","1914"
"sample","1","20260910","16","PLAY_ONE","3","2044"
"sample","1","20260910","16","PLAY_ONE","4","2084"
"sample","1","20260910","16","PLAY_ONE","5","2665"
"sample","1","20260910","17","PLAY_ONE","0","3066"
"sample","1","20260910","17","PLAY_ONE","1","2435"
"sample","1","20260910","17","PLAY_ONE","2","2364"
"sample","1","20260910","17","PLAY_ONE","3","2535"
"sample","1","20260910","17","PLAY_ONE","4","2394"
"sample","1","20260910","17","PLAY_ONE","5","2534"
"sample","1","20260910","18","CHALLENGE","0","2795"
"sample","1","20260910","18","CHALLENGE","1","2324"
"sample","1","20260910","18","CHALLENGE","2","2314"
"sample","1","20260910","18","CHALLENGE","3","2465"
"sample","1","20260910","18","CHALLENGE","4","2705"
"sample","1","20260910","18","CHALLENGE","5","2444"
"sample","1","20260910","19","ADVANCE_ROUND","0","3166"
"sample","1","20260910","19","ADVANCE_ROUND","1","4248"
"sample","1","20260910","19","ADVANCE_ROUND","2","2695"
"sample","1","20260910","19","ADVANCE_ROUND","3","2405"
"sample","1","20260910","19","ADVANCE_ROUND","4","2424"
"sample","1","20260910","19","ADVANCE_ROUND","5","2425"
"sample","1","20260910","20","PLAY_ONE","0","15939"
"sample","1","20260910","20","PLAY_ONE","1","2665"
"sample","1","20260910","20","PLAY_ONE","2","2675"
"sample","1","20260910","20","PLAY_ONE","3","2525"
"sample","1","20260910","20","PLAY_ONE","4","2525"
"sample","1","20260910","20","PLAY_ONE","5","2594"
"sample","1","20260910","21","CHALLENGE","0","2655"
"sample","1","20260910","21","CHALLENGE","1","2505"
"sample","1","20260910","21","CHALLENGE","2","2365"
"sample","1","20260910","21","CHALLENGE","3","2374"
"sample","1","20260910","21","CHALLENGE","4","2384"
"sample","1","20260910","21","CHALLENGE","5","2625"
"sample","1","20260910","22","ADVANCE_ROUND","0","3075"
"sample","1","20260910","22","ADVANCE_ROUND","1","2274"
"sample","1","20260910","22","ADVANCE_ROUND","2","2645"
"sample","1","20260910","22","ADVANCE_ROUND","3","2435"
"sample","1","20260910","22","ADVANCE_ROUND","4","2635"
"sample","1","20260910","22","ADVANCE_ROUND","5","2415"
"sample","1","20260910","23","PLAY_ONE","0","2995"
"sample","1","20260910","23","PLAY_ONE","1","2445"
"sample","1","20260910","23","PLAY_ONE","2","2475"
"sample","1","20260910","23","PLAY_ONE","3","2645"
"sample","1","20260910","23","PLAY_ONE","4","2605"
"sample","1","20260910","23","PLAY_ONE","5","2615"
"sample","1","20260910","24","CHALLENGE","0","2535"
"sample","1","20260910","24","CHALLENGE","1","2094"
"sample","1","20260910","24","CHALLENGE","2","1693"
"sample","1","20260910","24","CHALLENGE","3","2144"
"sample","1","20260910","24","CHALLENGE","4","2113"
"sample","1","20260910","24","CHALLENGE","5","2284"
"sample","1","20260910","25","ADVANCE_ROUND","0","3146"
"sample","1","20260910","25","ADVANCE_ROUND","1","2515"
"sample","1","20260910","25","ADVANCE_ROUND","2","2034"
"sample","1","20260910","25","ADVANCE_ROUND","3","2585"
"sample","1","20260910","25","ADVANCE_ROUND","4","2344"
"sample","1","20260910","25","ADVANCE_ROUND","5","3798"
"sample","1","20260910","26","PLAY_ONE","0","3536"
"sample","1","20260910","26","PLAY_ONE","1","2916"
"sample","1","20260910","26","PLAY_ONE","2","2074"
"sample","1","20260910","26","PLAY_ONE","3","2685"
"sample","1","20260910","26","PLAY_ONE","4","2745"
"sample","1","20260910","26","PLAY_ONE","5","2886"
"sample","1","20260910","27","CHALLENGE","0","2816"
"sample","1","20260910","27","CHALLENGE","1","2985"
"sample","1","20260910","27","CHALLENGE","2","1673"
"sample","1","20260910","27","CHALLENGE","3","2104"
"sample","1","20260910","27","CHALLENGE","4","2184"
"sample","1","20260910","27","CHALLENGE","5","2244"
"sample","1","20260910","28","ADVANCE_ROUND","0","14798"
"sample","1","20260910","28","ADVANCE_ROUND","1","4158"
"sample","1","20260910","28","ADVANCE_ROUND","2","2826"
"sample","1","20260910","28","ADVANCE_ROUND","3","4018"
"sample","1","20260910","28","ADVANCE_ROUND","4","3697"
"sample","1","20260910","28","ADVANCE_ROUND","5","3958"
"sample","1","20260910","29","PLAY_ONE","0","4969"
"sample","1","20260910","29","PLAY_ONE","1","3366"
"sample","1","20260910","29","PLAY_ONE","2","2605"
"sample","1","20260910","29","PLAY_ONE","3","3306"
"sample","1","20260910","29","PLAY_ONE","4","3647"
"sample","1","20260910","29","PLAY_ONE","5","3718"
"sample","1","20260910","30","CHALLENGE","0","4168"
"sample","1","20260910","30","CHALLENGE","1","3146"
"sample","1","20260910","30","CHALLENGE","2","2314"
"sample","1","20260910","30","CHALLENGE","3","4809"
"sample","1","20260910","30","CHALLENGE","4","3056"
"sample","1","20260910","30","CHALLENGE","5","2725"
"sample","1","20260910","31","ADVANCE_ROUND","0","4178"
"sample","1","20260910","31","ADVANCE_ROUND","1","3466"
"sample","1","20260910","31","ADVANCE_ROUND","2","2475"
"sample","1","20260910","31","ADVANCE_ROUND","3","3497"
"sample","1","20260910","31","ADVANCE_ROUND","4","3356"
"sample","1","20260910","31","ADVANCE_ROUND","5","3496"
"sample","1","20260910","32","PLAY_ONE","0","3647"
"sample","1","20260910","32","PLAY_ONE","1","2715"
"sample","1","20260910","32","PLAY_ONE","2","2355"
"sample","1","20260910","32","PLAY_ONE","3","2475"
"sample","1","20260910","32","PLAY_ONE","4","2705"
"sample","1","20260910","32","PLAY_ONE","5","2565"
"sample","1","20260910","33","CHALLENGE","0","2695"
"sample","1","20260910","33","CHALLENGE","1","2235"
"sample","1","20260910","33","CHALLENGE","2","1643"
"sample","1","20260910","33","CHALLENGE","3","2023"
"sample","1","20260910","33","CHALLENGE","4","2224"
"sample","1","20260910","33","CHALLENGE","5","1893"
"sample","1","20260910","34","ADVANCE_ROUND","0","4297"
"sample","1","20260910","34","ADVANCE_ROUND","1","2685"
"sample","1","20260910","34","ADVANCE_ROUND","2","2315"
"sample","1","20260910","34","ADVANCE_ROUND","3","2935"
"sample","1","20260910","34","ADVANCE_ROUND","4","2835"
"sample","1","20260910","34","ADVANCE_ROUND","5","2525"
"sample","1","20260910","35","PLAY_ONE","0","25447"
"sample","1","20260910","35","PLAY_ONE","1","2856"
"sample","1","20260910","35","PLAY_ONE","2","2315"
"sample","1","20260910","35","PLAY_ONE","3","2796"
"sample","1","20260910","35","PLAY_ONE","4","2905"
"sample","1","20260910","35","PLAY_ONE","5","2385"
"sample","1","20260910","36","CHALLENGE","0","2975"
"sample","1","20260910","36","CHALLENGE","1","2004"
"sample","1","20260910","36","CHALLENGE","2","2344"
"sample","1","20260910","36","CHALLENGE","3","2415"
"sample","1","20260910","36","CHALLENGE","4","2435"
"sample","1","20260910","36","CHALLENGE","5","1914"
"sample","1","20260910","37","ADVANCE_ROUND","0","10058"
"sample","1","20260910","37","ADVANCE_ROUND","1","2255"
"sample","1","20260910","37","ADVANCE_ROUND","2","1904"
"sample","1","20260910","37","ADVANCE_ROUND","3","2705"
"sample","1","20260910","37","ADVANCE_ROUND","4","2625"
"sample","1","20260910","37","ADVANCE_ROUND","5","2034"
"sample","1","20260910","38","PLAY_ONE","0","29806"
"sample","1","20260910","38","PLAY_ONE","1","2054"
"sample","1","20260910","38","PLAY_ONE","2","2164"
"sample","1","20260910","38","PLAY_ONE","3","2545"
"sample","1","20260910","38","PLAY_ONE","4","2746"
"sample","1","20260910","38","PLAY_ONE","5","2164"
"sample","1","20260910","39","CHALLENGE","0","3236"
"sample","1","20260910","39","CHALLENGE","1","1894"
"sample","1","20260910","39","CHALLENGE","2","1683"
"sample","1","20260910","39","CHALLENGE","3","2335"
"sample","1","20260910","39","CHALLENGE","4","2234"
"sample","1","20260910","39","CHALLENGE","5","1824"
"sample","1","20260910","40","ADVANCE_ROUND","0","4438"
"sample","1","20260910","40","ADVANCE_ROUND","1","2315"
"sample","1","20260910","40","ADVANCE_ROUND","2","1963"
"sample","1","20260910","40","ADVANCE_ROUND","3","3006"
"sample","1","20260910","40","ADVANCE_ROUND","4","2865"
"sample","1","20260910","40","ADVANCE_ROUND","5","2454"
"sample","1","20260910","41","PLAY_ONE","0","5410"
"sample","1","20260910","41","PLAY_ONE","1","2325"
"sample","1","20260910","41","PLAY_ONE","2","2034"
"sample","1","20260910","41","PLAY_ONE","3","2575"
"sample","1","20260910","41","PLAY_ONE","4","2585"
"sample","1","20260910","41","PLAY_ONE","5","2314"
"sample","1","20260910","42","CHALLENGE","0","28163"
"sample","1","20260910","42","CHALLENGE","1","1974"
"sample","1","20260910","42","CHALLENGE","2","1663"
"sample","1","20260910","42","CHALLENGE","3","2665"
"sample","1","20260910","42","CHALLENGE","4","2355"
"sample","1","20260910","42","CHALLENGE","5","2114"
"sample","1","20260910","43","ADVANCE_ROUND","0","4198"
"sample","1","20260910","43","ADVANCE_ROUND","1","1894"
"sample","1","20260910","43","ADVANCE_ROUND","2","2194"
"sample","1","20260910","43","ADVANCE_ROUND","3","2525"
"sample","1","20260910","43","ADVANCE_ROUND","4","3867"
"sample","1","20260910","43","ADVANCE_ROUND","5","2214"
"sample","1","20260910","44","PLAY_ONE","0","3687"
"sample","1","20260910","44","PLAY_ONE","1","2174"
"sample","1","20260910","44","PLAY_ONE","2","2184"
"sample","1","20260910","44","PLAY_ONE","3","2685"
"sample","1","20260910","44","PLAY_ONE","4","2575"
"sample","1","20260910","44","PLAY_ONE","5","2275"
"sample","1","20260910","45","CHALLENGE","0","2886"
"sample","1","20260910","45","CHALLENGE","1","1764"
"sample","1","20260910","45","CHALLENGE","2","1583"
"sample","1","20260910","45","CHALLENGE","3","2164"
"sample","1","20260910","45","CHALLENGE","4","2124"
"sample","1","20260910","45","CHALLENGE","5","1784"
"sample","1","20260910","46","ADVANCE_ROUND","0","3707"
"sample","1","20260910","46","ADVANCE_ROUND","1","1883"
"sample","1","20260910","46","ADVANCE_ROUND","2","1964"
"sample","1","20260910","46","ADVANCE_ROUND","3","2696"
"sample","1","20260910","46","ADVANCE_ROUND","4","3687"
"sample","1","20260910","46","ADVANCE_ROUND","5","2074"
"sample","1","20260910","47","PLAY_ONE","0","3697"
"sample","1","20260910","47","PLAY_ONE","1","2384"
"sample","1","20260910","47","PLAY_ONE","2","2023"
"sample","1","20260910","47","PLAY_ONE","3","2465"
"sample","1","20260910","47","PLAY_ONE","4","2665"
"sample","1","20260910","47","PLAY_ONE","5","2095"
"sample","1","20260910","48","CHALLENGE","0","3546"
"sample","1","20260910","48","CHALLENGE","1","2084"
"sample","1","20260910","48","CHALLENGE","2","1944"
"sample","1","20260910","48","CHALLENGE","3","2124"
"sample","1","20260910","48","CHALLENGE","4","2084"
"sample","1","20260910","48","CHALLENGE","5","2204"
"sample","1","20260910","49","ADVANCE_ROUND","0","4558"
"sample","1","20260910","49","ADVANCE_ROUND","1","2475"
"sample","1","20260910","49","ADVANCE_ROUND","2","2184"
"sample","1","20260910","49","ADVANCE_ROUND","3","4839"
"sample","1","20260910","49","ADVANCE_ROUND","4","2434"
"sample","1","20260910","49","ADVANCE_ROUND","5","2154"
"sample","1","20260910","50","PLAY_ONE","0","3417"
"sample","1","20260910","50","PLAY_ONE","1","2294"
"sample","1","20260910","50","PLAY_ONE","2","2124"
"sample","1","20260910","50","PLAY_ONE","3","2605"
"sample","1","20260910","50","PLAY_ONE","4","2525"
"sample","1","20260910","50","PLAY_ONE","5","2384"
"sample","1","20260910","51","CHALLENGE","0","3377"
"sample","1","20260910","51","CHALLENGE","1","1503"
"sample","1","20260910","51","CHALLENGE","2","1512"
"sample","1","20260910","51","CHALLENGE","3","2144"
"sample","1","20260910","51","CHALLENGE","4","1632"
"sample","1","20260910","51","CHALLENGE","5","1723"
"sample","1","20260910","52","ADVANCE_ROUND","0","3977"
"sample","1","20260910","52","ADVANCE_ROUND","1","1903"
"sample","1","20260910","52","ADVANCE_ROUND","2","1904"
"sample","1","20260910","52","ADVANCE_ROUND","3","2535"
"sample","1","20260910","52","ADVANCE_ROUND","4","2244"
"sample","1","20260910","52","ADVANCE_ROUND","5","2034"
"sample","1","20260910","53","PLAY_ONE","0","3527"
"sample","1","20260910","53","PLAY_ONE","1","2004"
"sample","1","20260910","53","PLAY_ONE","2","2104"
"sample","1","20260910","53","PLAY_ONE","3","2465"
"sample","1","20260910","53","PLAY_ONE","4","2024"
"sample","1","20260910","53","PLAY_ONE","5","2064"
"sample","1","20260910","54","CHALLENGE","0","2575"
"sample","1","20260910","54","CHALLENGE","1","1593"
"sample","1","20260910","54","CHALLENGE","2","1663"
"sample","1","20260910","54","CHALLENGE","3","2054"
"sample","1","20260910","54","CHALLENGE","4","1613"
"sample","1","20260910","54","CHALLENGE","5","1744"
"sample","2","20260910","11","START_GAME","0","3808"
"sample","2","20260910","11","START_GAME","1","2004"
"sample","2","20260910","11","START_GAME","2","2064"
"sample","2","20260910","11","START_GAME","3","2114"
"sample","2","20260910","11","START_GAME","4","2164"
"sample","2","20260910","11","START_GAME","5","2274"
"sample","2","20260910","12","PLAY_ONE","0","3116"
"sample","2","20260910","12","PLAY_ONE","1","2365"
"sample","2","20260910","12","PLAY_ONE","2","2234"
"sample","2","20260910","12","PLAY_ONE","3","2104"
"sample","2","20260910","12","PLAY_ONE","4","2325"
"sample","2","20260910","12","PLAY_ONE","5","2324"
"sample","2","20260910","13","PLAY_ONE","0","2796"
"sample","2","20260910","13","PLAY_ONE","1","2134"
"sample","2","20260910","13","PLAY_ONE","2","2294"
"sample","2","20260910","13","PLAY_ONE","3","2154"
"sample","2","20260910","13","PLAY_ONE","4","2215"
"sample","2","20260910","13","PLAY_ONE","5","2204"
"sample","2","20260910","14","PLAY_ONE","0","7604"
"sample","2","20260910","14","PLAY_ONE","1","2024"
"sample","2","20260910","14","PLAY_ONE","2","2034"
"sample","2","20260910","14","PLAY_ONE","3","7234"
"sample","2","20260910","14","PLAY_ONE","4","2474"
"sample","2","20260910","14","PLAY_ONE","5","2275"
"sample","2","20260910","15","PLAY_ONE","0","2575"
"sample","2","20260910","15","PLAY_ONE","1","2084"
"sample","2","20260910","15","PLAY_ONE","2","1984"
"sample","2","20260910","15","PLAY_ONE","3","1974"
"sample","2","20260910","15","PLAY_ONE","4","2164"
"sample","2","20260910","15","PLAY_ONE","5","3156"
"sample","2","20260910","16","PLAY_ONE","0","3156"
"sample","2","20260910","16","PLAY_ONE","1","1943"
"sample","2","20260910","16","PLAY_ONE","2","1873"
"sample","2","20260910","16","PLAY_ONE","3","1903"
"sample","2","20260910","16","PLAY_ONE","4","1994"
"sample","2","20260910","16","PLAY_ONE","5","2124"
"sample","2","20260910","17","PLAY_ONE","0","2755"
"sample","2","20260910","17","PLAY_ONE","1","2013"
"sample","2","20260910","17","PLAY_ONE","2","2063"
"sample","2","20260910","17","PLAY_ONE","3","2014"
"sample","2","20260910","17","PLAY_ONE","4","2104"
"sample","2","20260910","17","PLAY_ONE","5","2123"
"sample","2","20260910","18","CHALLENGE","0","2614"
"sample","2","20260910","18","CHALLENGE","1","2023"
"sample","2","20260910","18","CHALLENGE","2","2014"
"sample","2","20260910","18","CHALLENGE","3","1924"
"sample","2","20260910","18","CHALLENGE","4","1964"
"sample","2","20260910","18","CHALLENGE","5","1984"
"sample","2","20260910","19","ADVANCE_ROUND","0","3356"
"sample","2","20260910","19","ADVANCE_ROUND","1","2414"
"sample","2","20260910","19","ADVANCE_ROUND","2","2204"
"sample","2","20260910","19","ADVANCE_ROUND","3","2465"
"sample","2","20260910","19","ADVANCE_ROUND","4","2524"
"sample","2","20260910","19","ADVANCE_ROUND","5","2464"
"sample","2","20260910","20","PLAY_ONE","0","3717"
"sample","2","20260910","20","PLAY_ONE","1","3686"
"sample","2","20260910","20","PLAY_ONE","2","2354"
"sample","2","20260910","20","PLAY_ONE","3","2404"
"sample","2","20260910","20","PLAY_ONE","4","2455"
"sample","2","20260910","20","PLAY_ONE","5","2404"
"sample","2","20260910","21","CHALLENGE","0","2835"
"sample","2","20260910","21","CHALLENGE","1","2074"
"sample","2","20260910","21","CHALLENGE","2","2424"
"sample","2","20260910","21","CHALLENGE","3","1994"
"sample","2","20260910","21","CHALLENGE","4","2004"
"sample","2","20260910","21","CHALLENGE","5","2154"
"sample","2","20260910","22","ADVANCE_ROUND","0","3697"
"sample","2","20260910","22","ADVANCE_ROUND","1","2465"
"sample","2","20260910","22","ADVANCE_ROUND","2","2565"
"sample","2","20260910","22","ADVANCE_ROUND","3","2545"
"sample","2","20260910","22","ADVANCE_ROUND","4","2494"
"sample","2","20260910","22","ADVANCE_ROUND","5","2445"
"sample","2","20260910","23","PLAY_ONE","0","4048"
"sample","2","20260910","23","PLAY_ONE","1","2835"
"sample","2","20260910","23","PLAY_ONE","2","2424"
"sample","2","20260910","23","PLAY_ONE","3","2645"
"sample","2","20260910","23","PLAY_ONE","4","2725"
"sample","2","20260910","23","PLAY_ONE","5","2435"
"sample","2","20260910","24","CHALLENGE","0","3005"
"sample","2","20260910","24","CHALLENGE","1","2194"
"sample","2","20260910","24","CHALLENGE","2","1793"
"sample","2","20260910","24","CHALLENGE","3","2174"
"sample","2","20260910","24","CHALLENGE","4","2264"
"sample","2","20260910","24","CHALLENGE","5","2104"
"sample","2","20260910","25","ADVANCE_ROUND","0","4548"
"sample","2","20260910","25","ADVANCE_ROUND","1","2645"
"sample","2","20260910","25","ADVANCE_ROUND","2","2294"
"sample","2","20260910","25","ADVANCE_ROUND","3","3466"
"sample","2","20260910","25","ADVANCE_ROUND","4","2786"
"sample","2","20260910","25","ADVANCE_ROUND","5","4899"
"sample","2","20260910","26","PLAY_ONE","0","3296"
"sample","2","20260910","26","PLAY_ONE","1","2404"
"sample","2","20260910","26","PLAY_ONE","2","1934"
"sample","2","20260910","26","PLAY_ONE","3","2415"
"sample","2","20260910","26","PLAY_ONE","4","2474"
"sample","2","20260910","26","PLAY_ONE","5","2384"
"sample","2","20260910","27","CHALLENGE","0","3155"
"sample","2","20260910","27","CHALLENGE","1","3827"
"sample","2","20260910","27","CHALLENGE","2","1953"
"sample","2","20260910","27","CHALLENGE","3","2184"
"sample","2","20260910","27","CHALLENGE","4","2224"
"sample","2","20260910","27","CHALLENGE","5","2434"
"sample","2","20260910","28","ADVANCE_ROUND","0","4589"
"sample","2","20260910","28","ADVANCE_ROUND","1","2355"
"sample","2","20260910","28","ADVANCE_ROUND","2","2043"
"sample","2","20260910","28","ADVANCE_ROUND","3","2515"
"sample","2","20260910","28","ADVANCE_ROUND","4","2504"
"sample","2","20260910","28","ADVANCE_ROUND","5","2425"
"sample","2","20260910","29","PLAY_ONE","0","3808"
"sample","2","20260910","29","PLAY_ONE","1","3066"
"sample","2","20260910","29","PLAY_ONE","2","2504"
"sample","2","20260910","29","PLAY_ONE","3","3026"
"sample","2","20260910","29","PLAY_ONE","4","2966"
"sample","2","20260910","29","PLAY_ONE","5","2835"
"sample","2","20260910","30","CHALLENGE","0","3056"
"sample","2","20260910","30","CHALLENGE","1","2475"
"sample","2","20260910","30","CHALLENGE","2","1864"
"sample","2","20260910","30","CHALLENGE","3","2615"
"sample","2","20260910","30","CHALLENGE","4","2654"
"sample","2","20260910","30","CHALLENGE","5","2444"
"sample","2","20260910","31","ADVANCE_ROUND","0","4277"
"sample","2","20260910","31","ADVANCE_ROUND","1","2484"
"sample","2","20260910","31","ADVANCE_ROUND","2","1944"
"sample","2","20260910","31","ADVANCE_ROUND","3","2495"
"sample","2","20260910","31","ADVANCE_ROUND","4","2565"
"sample","2","20260910","31","ADVANCE_ROUND","5","2625"
"sample","2","20260910","32","PLAY_ONE","0","3486"
"sample","2","20260910","32","PLAY_ONE","1","2374"
"sample","2","20260910","32","PLAY_ONE","2","1894"
"sample","2","20260910","32","PLAY_ONE","3","2494"
"sample","2","20260910","32","PLAY_ONE","4","2715"
"sample","2","20260910","32","PLAY_ONE","5","2455"
"sample","2","20260910","33","CHALLENGE","0","2936"
"sample","2","20260910","33","CHALLENGE","1","2044"
"sample","2","20260910","33","CHALLENGE","2","1563"
"sample","2","20260910","33","CHALLENGE","3","1974"
"sample","2","20260910","33","CHALLENGE","4","2013"
"sample","2","20260910","33","CHALLENGE","5","1673"
"sample","2","20260910","34","ADVANCE_ROUND","0","3847"
"sample","2","20260910","34","ADVANCE_ROUND","1","2395"
"sample","2","20260910","34","ADVANCE_ROUND","2","1903"
"sample","2","20260910","34","ADVANCE_ROUND","3","2394"
"sample","2","20260910","34","ADVANCE_ROUND","4","2625"
"sample","2","20260910","34","ADVANCE_ROUND","5","2234"
"sample","2","20260910","35","PLAY_ONE","0","3798"
"sample","2","20260910","35","PLAY_ONE","1","2986"
"sample","2","20260910","35","PLAY_ONE","2","2515"
"sample","2","20260910","35","PLAY_ONE","3","2916"
"sample","2","20260910","35","PLAY_ONE","4","2715"
"sample","2","20260910","35","PLAY_ONE","5","2094"
"sample","2","20260910","36","CHALLENGE","0","2945"
"sample","2","20260910","36","CHALLENGE","1","1693"
"sample","2","20260910","36","CHALLENGE","2","1643"
"sample","2","20260910","36","CHALLENGE","3","2164"
"sample","2","20260910","36","CHALLENGE","4","2084"
"sample","2","20260910","36","CHALLENGE","5","1723"
"sample","2","20260910","37","ADVANCE_ROUND","0","4097"
"sample","2","20260910","37","ADVANCE_ROUND","1","2445"
"sample","2","20260910","37","ADVANCE_ROUND","2","2074"
"sample","2","20260910","37","ADVANCE_ROUND","3","2555"
"sample","2","20260910","37","ADVANCE_ROUND","4","2564"
"sample","2","20260910","37","ADVANCE_ROUND","5","2144"
"sample","2","20260910","38","PLAY_ONE","0","3797"
"sample","2","20260910","38","PLAY_ONE","1","3346"
"sample","2","20260910","38","PLAY_ONE","2","2004"
"sample","2","20260910","38","PLAY_ONE","3","2535"
"sample","2","20260910","38","PLAY_ONE","4","2605"
"sample","2","20260910","38","PLAY_ONE","5","2074"
"sample","2","20260910","39","CHALLENGE","0","2755"
"sample","2","20260910","39","CHALLENGE","1","1533"
"sample","2","20260910","39","CHALLENGE","2","1502"
"sample","2","20260910","39","CHALLENGE","3","1893"
"sample","2","20260910","39","CHALLENGE","4","2043"
"sample","2","20260910","39","CHALLENGE","5","1673"
"sample","2","20260910","40","ADVANCE_ROUND","0","4248"
"sample","2","20260910","40","ADVANCE_ROUND","1","1943"
"sample","2","20260910","40","ADVANCE_ROUND","2","2354"
"sample","2","20260910","40","ADVANCE_ROUND","3","2364"
"sample","2","20260910","40","ADVANCE_ROUND","4","2504"
"sample","2","20260910","40","ADVANCE_ROUND","5","2234"
"sample","2","20260910","41","PLAY_ONE","0","3406"
"sample","2","20260910","41","PLAY_ONE","1","2094"
"sample","2","20260910","41","PLAY_ONE","2","2224"
"sample","2","20260910","41","PLAY_ONE","3","2565"
"sample","2","20260910","41","PLAY_ONE","4","2424"
"sample","2","20260910","41","PLAY_ONE","5","2325"
"sample","2","20260910","42","CHALLENGE","0","3296"
"sample","2","20260910","42","CHALLENGE","1","2074"
"sample","2","20260910","42","CHALLENGE","2","1873"
"sample","2","20260910","42","CHALLENGE","3","2444"
"sample","2","20260910","42","CHALLENGE","4","2364"
"sample","2","20260910","42","CHALLENGE","5","2054"
"sample","2","20260910","43","ADVANCE_ROUND","0","5440"
"sample","2","20260910","43","ADVANCE_ROUND","1","1903"
"sample","2","20260910","43","ADVANCE_ROUND","2","1783"
"sample","2","20260910","43","ADVANCE_ROUND","3","2435"
"sample","2","20260910","43","ADVANCE_ROUND","4","2524"
"sample","2","20260910","43","ADVANCE_ROUND","5","2023"
"sample","2","20260910","44","PLAY_ONE","0","3407"
"sample","2","20260910","44","PLAY_ONE","1","2234"
"sample","2","20260910","44","PLAY_ONE","2","2094"
"sample","2","20260910","44","PLAY_ONE","3","2545"
"sample","2","20260910","44","PLAY_ONE","4","2535"
"sample","2","20260910","44","PLAY_ONE","5","2094"
"sample","2","20260910","45","CHALLENGE","0","2875"
"sample","2","20260910","45","CHALLENGE","1","1753"
"sample","2","20260910","45","CHALLENGE","2","1574"
"sample","2","20260910","45","CHALLENGE","3","2234"
"sample","2","20260910","45","CHALLENGE","4","2234"
"sample","2","20260910","45","CHALLENGE","5","1793"
"sample","2","20260910","46","ADVANCE_ROUND","0","3797"
"sample","2","20260910","46","ADVANCE_ROUND","1","1994"
"sample","2","20260910","46","ADVANCE_ROUND","2","2064"
"sample","2","20260910","46","ADVANCE_ROUND","3","2454"
"sample","2","20260910","46","ADVANCE_ROUND","4","2555"
"sample","2","20260910","46","ADVANCE_ROUND","5","2054"
"sample","2","20260910","47","PLAY_ONE","0","3176"
"sample","2","20260910","47","PLAY_ONE","1","1884"
"sample","2","20260910","47","PLAY_ONE","2","1894"
"sample","2","20260910","47","PLAY_ONE","3","2315"
"sample","2","20260910","47","PLAY_ONE","4","2515"
"sample","2","20260910","47","PLAY_ONE","5","2144"
"sample","2","20260910","48","CHALLENGE","0","2665"
"sample","2","20260910","48","CHALLENGE","1","1582"
"sample","2","20260910","48","CHALLENGE","2","1512"
"sample","2","20260910","48","CHALLENGE","3","1973"
"sample","2","20260910","48","CHALLENGE","4","1553"
"sample","2","20260910","48","CHALLENGE","5","1663"
"sample","2","20260910","49","ADVANCE_ROUND","0","4839"
"sample","2","20260910","49","ADVANCE_ROUND","1","2104"
"sample","2","20260910","49","ADVANCE_ROUND","2","2415"
"sample","2","20260910","49","ADVANCE_ROUND","3","2975"
"sample","2","20260910","49","ADVANCE_ROUND","4","2254"
"sample","2","20260910","49","ADVANCE_ROUND","5","2615"
"sample","2","20260910","50","PLAY_ONE","0","3467"
"sample","2","20260910","50","PLAY_ONE","1","2153"
"sample","2","20260910","50","PLAY_ONE","2","2144"
"sample","2","20260910","50","PLAY_ONE","3","2895"
"sample","2","20260910","50","PLAY_ONE","4","2135"
"sample","2","20260910","50","PLAY_ONE","5","2324"
"sample","2","20260910","51","CHALLENGE","0","2996"
"sample","2","20260910","51","CHALLENGE","1","1803"
"sample","2","20260910","51","CHALLENGE","2","1734"
"sample","2","20260910","51","CHALLENGE","3","2365"
"sample","2","20260910","51","CHALLENGE","4","1704"
"sample","2","20260910","51","CHALLENGE","5","2144"
"sample","2","20260910","52","ADVANCE_ROUND","0","3496"
"sample","2","20260910","52","ADVANCE_ROUND","1","1953"
"sample","2","20260910","52","ADVANCE_ROUND","2","1904"
"sample","2","20260910","52","ADVANCE_ROUND","3","2716"
"sample","2","20260910","52","ADVANCE_ROUND","4","1863"
"sample","2","20260910","52","ADVANCE_ROUND","5","1973"
"sample","2","20260910","53","PLAY_ONE","0","5600"
"sample","2","20260910","53","PLAY_ONE","1","2345"
"sample","2","20260910","53","PLAY_ONE","2","1983"
"sample","2","20260910","53","PLAY_ONE","3","2655"
"sample","2","20260910","53","PLAY_ONE","4","2014"
"sample","2","20260910","53","PLAY_ONE","5","3156"
"sample","2","20260910","54","CHALLENGE","0","2424"
"sample","2","20260910","54","CHALLENGE","1","1533"
"sample","2","20260910","54","CHALLENGE","2","1523"
"sample","2","20260910","54","CHALLENGE","3","2014"
"sample","2","20260910","54","CHALLENGE","4","1704"
"sample","2","20260910","54","CHALLENGE","5","1653"
"sample","3","20260910","11","START_GAME","0","4729"
"sample","3","20260910","11","START_GAME","1","2325"
"sample","3","20260910","11","START_GAME","2","2485"
"sample","3","20260910","11","START_GAME","3","2444"
"sample","3","20260910","11","START_GAME","4","2294"
"sample","3","20260910","11","START_GAME","5","2455"
"sample","3","20260910","12","PLAY_ONE","0","3366"
"sample","3","20260910","12","PLAY_ONE","1","2374"
"sample","3","20260910","12","PLAY_ONE","2","2304"
"sample","3","20260910","12","PLAY_ONE","3","2224"
"sample","3","20260910","12","PLAY_ONE","4","2274"
"sample","3","20260910","12","PLAY_ONE","5","2084"
"sample","3","20260910","13","PLAY_ONE","0","2886"
"sample","3","20260910","13","PLAY_ONE","1","2384"
"sample","3","20260910","13","PLAY_ONE","2","2194"
"sample","3","20260910","13","PLAY_ONE","3","2424"
"sample","3","20260910","13","PLAY_ONE","4","2184"
"sample","3","20260910","13","PLAY_ONE","5","2414"
"sample","3","20260910","14","PLAY_ONE","0","2816"
"sample","3","20260910","14","PLAY_ONE","1","2124"
"sample","3","20260910","14","PLAY_ONE","2","1964"
"sample","3","20260910","14","PLAY_ONE","3","3457"
"sample","3","20260910","14","PLAY_ONE","4","2034"
"sample","3","20260910","14","PLAY_ONE","5","2134"
"sample","3","20260910","15","PLAY_ONE","0","2795"
"sample","3","20260910","15","PLAY_ONE","1","2064"
"sample","3","20260910","15","PLAY_ONE","2","2024"
"sample","3","20260910","15","PLAY_ONE","3","2004"
"sample","3","20260910","15","PLAY_ONE","4","2155"
"sample","3","20260910","15","PLAY_ONE","5","2374"
"sample","3","20260910","16","PLAY_ONE","0","2846"
"sample","3","20260910","16","PLAY_ONE","1","2024"
"sample","3","20260910","16","PLAY_ONE","2","2024"
"sample","3","20260910","16","PLAY_ONE","3","1943"
"sample","3","20260910","16","PLAY_ONE","4","2033"
"sample","3","20260910","16","PLAY_ONE","5","2174"
"sample","3","20260910","17","PLAY_ONE","0","2605"
"sample","3","20260910","17","PLAY_ONE","1","2164"
"sample","3","20260910","17","PLAY_ONE","2","2014"
"sample","3","20260910","17","PLAY_ONE","3","2013"
"sample","3","20260910","17","PLAY_ONE","4","2164"
"sample","3","20260910","17","PLAY_ONE","5","2205"
"sample","3","20260910","18","CHALLENGE","0","3026"
"sample","3","20260910","18","CHALLENGE","1","2204"
"sample","3","20260910","18","CHALLENGE","2","2004"
"sample","3","20260910","18","CHALLENGE","3","2013"
"sample","3","20260910","18","CHALLENGE","4","1994"
"sample","3","20260910","18","CHALLENGE","5","2425"
"sample","3","20260910","19","ADVANCE_ROUND","0","4188"
"sample","3","20260910","19","ADVANCE_ROUND","1","3036"
"sample","3","20260910","19","ADVANCE_ROUND","2","2955"
"sample","3","20260910","19","ADVANCE_ROUND","3","2405"
"sample","3","20260910","19","ADVANCE_ROUND","4","2524"
"sample","3","20260910","19","ADVANCE_ROUND","5","2836"
"sample","3","20260910","20","PLAY_ONE","0","3376"
"sample","3","20260910","20","PLAY_ONE","1","2425"
"sample","3","20260910","20","PLAY_ONE","2","2515"
"sample","3","20260910","20","PLAY_ONE","3","2464"
"sample","3","20260910","20","PLAY_ONE","4","2425"
"sample","3","20260910","20","PLAY_ONE","5","2816"
"sample","3","20260910","21","CHALLENGE","0","3076"
"sample","3","20260910","21","CHALLENGE","1","2165"
"sample","3","20260910","21","CHALLENGE","2","2435"
"sample","3","20260910","21","CHALLENGE","3","2345"
"sample","3","20260910","21","CHALLENGE","4","2254"
"sample","3","20260910","21","CHALLENGE","5","2294"
"sample","3","20260910","22","ADVANCE_ROUND","0","3135"
"sample","3","20260910","22","ADVANCE_ROUND","1","2444"
"sample","3","20260910","22","ADVANCE_ROUND","2","2475"
"sample","3","20260910","22","ADVANCE_ROUND","3","2354"
"sample","3","20260910","22","ADVANCE_ROUND","4","2495"
"sample","3","20260910","22","ADVANCE_ROUND","5","2475"
"sample","3","20260910","23","PLAY_ONE","0","3437"
"sample","3","20260910","23","PLAY_ONE","1","2405"
"sample","3","20260910","23","PLAY_ONE","2","2484"
"sample","3","20260910","23","PLAY_ONE","3","2575"
"sample","3","20260910","23","PLAY_ONE","4","2966"
"sample","3","20260910","23","PLAY_ONE","5","2725"
"sample","3","20260910","24","CHALLENGE","0","2725"
"sample","3","20260910","24","CHALLENGE","1","3026"
"sample","3","20260910","24","CHALLENGE","2","1563"
"sample","3","20260910","24","CHALLENGE","3","2004"
"sample","3","20260910","24","CHALLENGE","4","2094"
"sample","3","20260910","24","CHALLENGE","5","2104"
"sample","3","20260910","25","ADVANCE_ROUND","0","4358"
"sample","3","20260910","25","ADVANCE_ROUND","1","4568"
"sample","3","20260910","25","ADVANCE_ROUND","2","1914"
"sample","3","20260910","25","ADVANCE_ROUND","3","2675"
"sample","3","20260910","25","ADVANCE_ROUND","4","2424"
"sample","3","20260910","25","ADVANCE_ROUND","5","2545"
"sample","3","20260910","26","PLAY_ONE","0","3878"
"sample","3","20260910","26","PLAY_ONE","1","2925"
"sample","3","20260910","26","PLAY_ONE","2","2234"
"sample","3","20260910","26","PLAY_ONE","3","2946"
"sample","3","20260910","26","PLAY_ONE","4","2905"
"sample","3","20260910","26","PLAY_ONE","5","3156"
"sample","3","20260910","27","CHALLENGE","0","2785"
"sample","3","20260910","27","CHALLENGE","1","2204"
"sample","3","20260910","27","CHALLENGE","2","1723"
"sample","3","20260910","27","CHALLENGE","3","2294"
"sample","3","20260910","27","CHALLENGE","4","2384"
"sample","3","20260910","27","CHALLENGE","5","2515"
"sample","3","20260910","28","ADVANCE_ROUND","0","4127"
"sample","3","20260910","28","ADVANCE_ROUND","1","2505"
"sample","3","20260910","28","ADVANCE_ROUND","2","1953"
"sample","3","20260910","28","ADVANCE_ROUND","3","2474"
"sample","3","20260910","28","ADVANCE_ROUND","4","2595"
"sample","3","20260910","28","ADVANCE_ROUND","5","2525"
"sample","3","20260910","29","PLAY_ONE","0","3556"
"sample","3","20260910","29","PLAY_ONE","1","2675"
"sample","3","20260910","29","PLAY_ONE","2","2174"
"sample","3","20260910","29","PLAY_ONE","3","2535"
"sample","3","20260910","29","PLAY_ONE","4","2544"
"sample","3","20260910","29","PLAY_ONE","5","2896"
"sample","3","20260910","30","CHALLENGE","0","2965"
"sample","3","20260910","30","CHALLENGE","1","2073"
"sample","3","20260910","30","CHALLENGE","2","1562"
"sample","3","20260910","30","CHALLENGE","3","2014"
"sample","3","20260910","30","CHALLENGE","4","2054"
"sample","3","20260910","30","CHALLENGE","5","2155"
"sample","3","20260910","31","ADVANCE_ROUND","0","4248"
"sample","3","20260910","31","ADVANCE_ROUND","1","2484"
"sample","3","20260910","31","ADVANCE_ROUND","2","1923"
"sample","3","20260910","31","ADVANCE_ROUND","3","2375"
"sample","3","20260910","31","ADVANCE_ROUND","4","2415"
"sample","3","20260910","31","ADVANCE_ROUND","5","2615"
"sample","3","20260910","32","PLAY_ONE","0","3357"
"sample","3","20260910","32","PLAY_ONE","1","2464"
"sample","3","20260910","32","PLAY_ONE","2","2164"
"sample","3","20260910","32","PLAY_ONE","3","2545"
"sample","3","20260910","32","PLAY_ONE","4","2575"
"sample","3","20260910","32","PLAY_ONE","5","2455"
"sample","3","20260910","33","CHALLENGE","0","3226"
"sample","3","20260910","33","CHALLENGE","1","2174"
"sample","3","20260910","33","CHALLENGE","2","1603"
"sample","3","20260910","33","CHALLENGE","3","2094"
"sample","3","20260910","33","CHALLENGE","4","2014"
"sample","3","20260910","33","CHALLENGE","5","1873"
"sample","3","20260910","34","ADVANCE_ROUND","0","3847"
"sample","3","20260910","34","ADVANCE_ROUND","1","2936"
"sample","3","20260910","34","ADVANCE_ROUND","2","2014"
"sample","3","20260910","34","ADVANCE_ROUND","3","2304"
"sample","3","20260910","34","ADVANCE_ROUND","4","2514"
"sample","3","20260910","34","ADVANCE_ROUND","5","2294"
"sample","3","20260910","35","PLAY_ONE","0","3396"
"sample","3","20260910","35","PLAY_ONE","1","2534"
"sample","3","20260910","35","PLAY_ONE","2","1894"
"sample","3","20260910","35","PLAY_ONE","3","2395"
"sample","3","20260910","35","PLAY_ONE","4","2445"
"sample","3","20260910","35","PLAY_ONE","5","2064"
"sample","3","20260910","36","CHALLENGE","0","3125"
"sample","3","20260910","36","CHALLENGE","1","2014"
"sample","3","20260910","36","CHALLENGE","2","1804"
"sample","3","20260910","36","CHALLENGE","3","2345"
"sample","3","20260910","36","CHALLENGE","4","2284"
"sample","3","20260910","36","CHALLENGE","5","2295"
"sample","3","20260910","37","ADVANCE_ROUND","0","3987"
"sample","3","20260910","37","ADVANCE_ROUND","1","2104"
"sample","3","20260910","37","ADVANCE_ROUND","2","1763"
"sample","3","20260910","37","ADVANCE_ROUND","3","2615"
"sample","3","20260910","37","ADVANCE_ROUND","4","2454"
"sample","3","20260910","37","ADVANCE_ROUND","5","2204"
"sample","3","20260910","38","PLAY_ONE","0","3377"
"sample","3","20260910","38","PLAY_ONE","1","1964"
"sample","3","20260910","38","PLAY_ONE","2","2114"
"sample","3","20260910","38","PLAY_ONE","3","2615"
"sample","3","20260910","38","PLAY_ONE","4","5250"
"sample","3","20260910","38","PLAY_ONE","5","2585"
"sample","3","20260910","39","CHALLENGE","0","2876"
"sample","3","20260910","39","CHALLENGE","1","1874"
"sample","3","20260910","39","CHALLENGE","2","1563"
"sample","3","20260910","39","CHALLENGE","3","2104"
"sample","3","20260910","39","CHALLENGE","4","2174"
"sample","3","20260910","39","CHALLENGE","5","1874"
"sample","3","20260910","40","ADVANCE_ROUND","0","4007"
"sample","3","20260910","40","ADVANCE_ROUND","1","2104"
"sample","3","20260910","40","ADVANCE_ROUND","2","1933"
"sample","3","20260910","40","ADVANCE_ROUND","3","2365"
"sample","3","20260910","40","ADVANCE_ROUND","4","2515"
"sample","3","20260910","40","ADVANCE_ROUND","5","2034"
"sample","3","20260910","41","PLAY_ONE","0","3697"
"sample","3","20260910","41","PLAY_ONE","1","1964"
"sample","3","20260910","41","PLAY_ONE","2","2024"
"sample","3","20260910","41","PLAY_ONE","3","2374"
"sample","3","20260910","41","PLAY_ONE","4","2384"
"sample","3","20260910","41","PLAY_ONE","5","2064"
"sample","3","20260910","42","CHALLENGE","0","2996"
"sample","3","20260910","42","CHALLENGE","1","1733"
"sample","3","20260910","42","CHALLENGE","2","1934"
"sample","3","20260910","42","CHALLENGE","3","2274"
"sample","3","20260910","42","CHALLENGE","4","2364"
"sample","3","20260910","42","CHALLENGE","5","1964"
"sample","3","20260910","43","ADVANCE_ROUND","0","4348"
"sample","3","20260910","43","ADVANCE_ROUND","1","1924"
"sample","3","20260910","43","ADVANCE_ROUND","2","1923"
"sample","3","20260910","43","ADVANCE_ROUND","3","2474"
"sample","3","20260910","43","ADVANCE_ROUND","4","2364"
"sample","3","20260910","43","ADVANCE_ROUND","5","1973"
"sample","3","20260910","44","PLAY_ONE","0","3095"
"sample","3","20260910","44","PLAY_ONE","1","2054"
"sample","3","20260910","44","PLAY_ONE","2","1954"
"sample","3","20260910","44","PLAY_ONE","3","2525"
"sample","3","20260910","44","PLAY_ONE","4","2415"
"sample","3","20260910","44","PLAY_ONE","5","2044"
"sample","3","20260910","45","CHALLENGE","0","2925"
"sample","3","20260910","45","CHALLENGE","1","1542"
"sample","3","20260910","45","CHALLENGE","2","1683"
"sample","3","20260910","45","CHALLENGE","3","2175"
"sample","3","20260910","45","CHALLENGE","4","2164"
"sample","3","20260910","45","CHALLENGE","5","3196"
"sample","3","20260910","46","ADVANCE_ROUND","0","4058"
"sample","3","20260910","46","ADVANCE_ROUND","1","1893"
"sample","3","20260910","46","ADVANCE_ROUND","2","1824"
"sample","3","20260910","46","ADVANCE_ROUND","3","2615"
"sample","3","20260910","46","ADVANCE_ROUND","4","3146"
"sample","3","20260910","46","ADVANCE_ROUND","5","1964"
"sample","3","20260910","47","PLAY_ONE","0","3596"
"sample","3","20260910","47","PLAY_ONE","1","1994"
"sample","3","20260910","47","PLAY_ONE","2","2004"
"sample","3","20260910","47","PLAY_ONE","3","2565"
"sample","3","20260910","47","PLAY_ONE","4","2765"
"sample","3","20260910","47","PLAY_ONE","5","2074"
"sample","3","20260910","48","CHALLENGE","0","2735"
"sample","3","20260910","48","CHALLENGE","1","1563"
"sample","3","20260910","48","CHALLENGE","2","1503"
"sample","3","20260910","48","CHALLENGE","3","1924"
"sample","3","20260910","48","CHALLENGE","4","1733"
"sample","3","20260910","48","CHALLENGE","5","1924"
"sample","3","20260910","49","ADVANCE_ROUND","0","4909"
"sample","3","20260910","49","ADVANCE_ROUND","1","1944"
"sample","3","20260910","49","ADVANCE_ROUND","2","1863"
"sample","3","20260910","49","ADVANCE_ROUND","3","2445"
"sample","3","20260910","49","ADVANCE_ROUND","4","2084"
"sample","3","20260910","49","ADVANCE_ROUND","5","1974"
"sample","3","20260910","50","PLAY_ONE","0","3627"
"sample","3","20260910","50","PLAY_ONE","1","2294"
"sample","3","20260910","50","PLAY_ONE","2","3506"
"sample","3","20260910","50","PLAY_ONE","3","2645"
"sample","3","20260910","50","PLAY_ONE","4","2174"
"sample","3","20260910","50","PLAY_ONE","5","2074"
"sample","3","20260910","51","CHALLENGE","0","2785"
"sample","3","20260910","51","CHALLENGE","1","1743"
"sample","3","20260910","51","CHALLENGE","2","1683"
"sample","3","20260910","51","CHALLENGE","3","2194"
"sample","3","20260910","51","CHALLENGE","4","1663"
"sample","3","20260910","51","CHALLENGE","5","1643"
"sample","3","20260910","52","ADVANCE_ROUND","0","4308"
"sample","3","20260910","52","ADVANCE_ROUND","1","2204"
"sample","3","20260910","52","ADVANCE_ROUND","2","2184"
"sample","3","20260910","52","ADVANCE_ROUND","3","3055"
"sample","3","20260910","52","ADVANCE_ROUND","4","2135"
"sample","3","20260910","52","ADVANCE_ROUND","5","1984"
"sample","3","20260910","53","PLAY_ONE","0","3036"
"sample","3","20260910","53","PLAY_ONE","1","1913"
"sample","3","20260910","53","PLAY_ONE","2","1914"
"sample","3","20260910","53","PLAY_ONE","3","2504"
"sample","3","20260910","53","PLAY_ONE","4","2094"
"sample","3","20260910","53","PLAY_ONE","5","2384"
"sample","3","20260910","54","CHALLENGE","0","2545"
"sample","3","20260910","54","CHALLENGE","1","1683"
"sample","3","20260910","54","CHALLENGE","2","1512"
"sample","3","20260910","54","CHALLENGE","3","2254"
"sample","3","20260910","54","CHALLENGE","4","1633"
"sample","3","20260910","54","CHALLENGE","5","1793"
"sample","4","20260910","11","START_GAME","0","3136"
"sample","4","20260910","11","START_GAME","1","2275"
"sample","4","20260910","11","START_GAME","2","1944"
"sample","4","20260910","11","START_GAME","3","1973"
"sample","4","20260910","11","START_GAME","4","2064"
"sample","4","20260910","11","START_GAME","5","2304"
"sample","4","20260910","12","PLAY_ONE","0","2905"
"sample","4","20260910","12","PLAY_ONE","1","2134"
"sample","4","20260910","12","PLAY_ONE","2","2064"
"sample","4","20260910","12","PLAY_ONE","3","2114"
"sample","4","20260910","12","PLAY_ONE","4","1984"
"sample","4","20260910","12","PLAY_ONE","5","1994"
"sample","4","20260910","13","PLAY_ONE","0","2815"
"sample","4","20260910","13","PLAY_ONE","1","1933"
"sample","4","20260910","13","PLAY_ONE","2","2275"
"sample","4","20260910","13","PLAY_ONE","3","1924"
"sample","4","20260910","13","PLAY_ONE","4","2094"
"sample","4","20260910","13","PLAY_ONE","5","2184"
"sample","4","20260910","14","PLAY_ONE","0","3117"
"sample","4","20260910","14","PLAY_ONE","1","1984"
"sample","4","20260910","14","PLAY_ONE","2","1963"
"sample","4","20260910","14","PLAY_ONE","3","2144"
"sample","4","20260910","14","PLAY_ONE","4","2103"
"sample","4","20260910","14","PLAY_ONE","5","2064"
"sample","4","20260910","15","PLAY_ONE","0","2955"
"sample","4","20260910","15","PLAY_ONE","1","2024"
"sample","4","20260910","15","PLAY_ONE","2","2024"
"sample","4","20260910","15","PLAY_ONE","3","2174"
"sample","4","20260910","15","PLAY_ONE","4","2164"
"sample","4","20260910","15","PLAY_ONE","5","2284"
"sample","4","20260910","16","PLAY_ONE","0","2734"
"sample","4","20260910","16","PLAY_ONE","1","1963"
"sample","4","20260910","16","PLAY_ONE","2","1944"
"sample","4","20260910","16","PLAY_ONE","3","1963"
"sample","4","20260910","16","PLAY_ONE","4","2024"
"sample","4","20260910","16","PLAY_ONE","5","2214"
"sample","4","20260910","17","PLAY_ONE","0","2826"
"sample","4","20260910","17","PLAY_ONE","1","2084"
"sample","4","20260910","17","PLAY_ONE","2","2063"
"sample","4","20260910","17","PLAY_ONE","3","1983"
"sample","4","20260910","17","PLAY_ONE","4","2074"
"sample","4","20260910","17","PLAY_ONE","5","2204"
"sample","4","20260910","18","CHALLENGE","0","2906"
"sample","4","20260910","18","CHALLENGE","1","1904"
"sample","4","20260910","18","CHALLENGE","2","1814"
"sample","4","20260910","18","CHALLENGE","3","1873"
"sample","4","20260910","18","CHALLENGE","4","2144"
"sample","4","20260910","18","CHALLENGE","5","1964"
"sample","4","20260910","19","ADVANCE_ROUND","0","3467"
"sample","4","20260910","19","ADVANCE_ROUND","1","2545"
"sample","4","20260910","19","ADVANCE_ROUND","2","2384"
"sample","4","20260910","19","ADVANCE_ROUND","3","2375"
"sample","4","20260910","19","ADVANCE_ROUND","4","2325"
"sample","4","20260910","19","ADVANCE_ROUND","5","2816"
"sample","4","20260910","20","PLAY_ONE","0","3146"
"sample","4","20260910","20","PLAY_ONE","1","2514"
"sample","4","20260910","20","PLAY_ONE","2","14206"
"sample","4","20260910","20","PLAY_ONE","3","2504"
"sample","4","20260910","20","PLAY_ONE","4","2365"
"sample","4","20260910","20","PLAY_ONE","5","2424"
"sample","4","20260910","21","CHALLENGE","0","2495"
"sample","4","20260910","21","CHALLENGE","1","1884"
"sample","4","20260910","21","CHALLENGE","2","1954"
"sample","4","20260910","21","CHALLENGE","3","1994"
"sample","4","20260910","21","CHALLENGE","4","1874"
"sample","4","20260910","21","CHALLENGE","5","1923"
"sample","4","20260910","22","ADVANCE_ROUND","0","4689"
"sample","4","20260910","22","ADVANCE_ROUND","1","2755"
"sample","4","20260910","22","ADVANCE_ROUND","2","2755"
"sample","4","20260910","22","ADVANCE_ROUND","3","2645"
"sample","4","20260910","22","ADVANCE_ROUND","4","2525"
"sample","4","20260910","22","ADVANCE_ROUND","5","2795"
"sample","4","20260910","23","PLAY_ONE","0","4028"
"sample","4","20260910","23","PLAY_ONE","1","2846"
"sample","4","20260910","23","PLAY_ONE","2","3025"
"sample","4","20260910","23","PLAY_ONE","3","2975"
"sample","4","20260910","23","PLAY_ONE","4","2825"
"sample","4","20260910","23","PLAY_ONE","5","3035"
"sample","4","20260910","24","CHALLENGE","0","3036"
"sample","4","20260910","24","CHALLENGE","1","2425"
"sample","4","20260910","24","CHALLENGE","2","1674"
"sample","4","20260910","24","CHALLENGE","3","2264"
"sample","4","20260910","24","CHALLENGE","4","2014"
"sample","4","20260910","24","CHALLENGE","5","2244"
"sample","4","20260910","25","ADVANCE_ROUND","0","4458"
"sample","4","20260910","25","ADVANCE_ROUND","1","2474"
"sample","4","20260910","25","ADVANCE_ROUND","2","1853"
"sample","4","20260910","25","ADVANCE_ROUND","3","3106"
"sample","4","20260910","25","ADVANCE_ROUND","4","2394"
"sample","4","20260910","25","ADVANCE_ROUND","5","2344"
"sample","4","20260910","26","PLAY_ONE","0","4589"
"sample","4","20260910","26","PLAY_ONE","1","2505"
"sample","4","20260910","26","PLAY_ONE","2","1974"
"sample","4","20260910","26","PLAY_ONE","3","2394"
"sample","4","20260910","26","PLAY_ONE","4","2454"
"sample","4","20260910","26","PLAY_ONE","5","2495"
"sample","4","20260910","27","CHALLENGE","0","2725"
"sample","4","20260910","27","CHALLENGE","1","1924"
"sample","4","20260910","27","CHALLENGE","2","1503"
"sample","4","20260910","27","CHALLENGE","3","1884"
"sample","4","20260910","27","CHALLENGE","4","1914"
"sample","4","20260910","27","CHALLENGE","5","1984"
"sample","4","20260910","28","ADVANCE_ROUND","0","4258"
"sample","4","20260910","28","ADVANCE_ROUND","1","2745"
"sample","4","20260910","28","ADVANCE_ROUND","2","1843"
"sample","4","20260910","28","ADVANCE_ROUND","3","2315"
"sample","4","20260910","28","ADVANCE_ROUND","4","2444"
"sample","4","20260910","28","ADVANCE_ROUND","5","2304"
"sample","4","20260910","29","PLAY_ONE","0","3827"
"sample","4","20260910","29","PLAY_ONE","1","2575"
"sample","4","20260910","29","PLAY_ONE","2","2284"
"sample","4","20260910","29","PLAY_ONE","3","2885"
"sample","4","20260910","29","PLAY_ONE","4","2574"
"sample","4","20260910","29","PLAY_ONE","5","2936"
"sample","4","20260910","30","CHALLENGE","0","2795"
"sample","4","20260910","30","CHALLENGE","1","2154"
"sample","4","20260910","30","CHALLENGE","2","1683"
"sample","4","20260910","30","CHALLENGE","3","2334"
"sample","4","20260910","30","CHALLENGE","4","2194"
"sample","4","20260910","30","CHALLENGE","5","2284"
"sample","4","20260910","31","ADVANCE_ROUND","0","4008"
"sample","4","20260910","31","ADVANCE_ROUND","1","2264"
"sample","4","20260910","31","ADVANCE_ROUND","2","1954"
"sample","4","20260910","31","ADVANCE_ROUND","3","2404"
"sample","4","20260910","31","ADVANCE_ROUND","4","2405"
"sample","4","20260910","31","ADVANCE_ROUND","5","2825"
"sample","4","20260910","32","PLAY_ONE","0","3386"
"sample","4","20260910","32","PLAY_ONE","1","2495"
"sample","4","20260910","32","PLAY_ONE","2","1883"
"sample","4","20260910","32","PLAY_ONE","3","2375"
"sample","4","20260910","32","PLAY_ONE","4","2415"
"sample","4","20260910","32","PLAY_ONE","5","2474"
"sample","4","20260910","33","CHALLENGE","0","2876"
"sample","4","20260910","33","CHALLENGE","1","2003"
"sample","4","20260910","33","CHALLENGE","2","1493"
"sample","4","20260910","33","CHALLENGE","3","2004"
"sample","4","20260910","33","CHALLENGE","4","2093"
"sample","4","20260910","33","CHALLENGE","5","1743"
"sample","4","20260910","34","ADVANCE_ROUND","0","3457"
"sample","4","20260910","34","ADVANCE_ROUND","1","2354"
"sample","4","20260910","34","ADVANCE_ROUND","2","2054"
"sample","4","20260910","34","ADVANCE_ROUND","3","2364"
"sample","4","20260910","34","ADVANCE_ROUND","4","2405"
"sample","4","20260910","34","ADVANCE_ROUND","5","1994"
"sample","4","20260910","35","PLAY_ONE","0","2946"
"sample","4","20260910","35","PLAY_ONE","1","2355"
"sample","4","20260910","35","PLAY_ONE","2","1963"
"sample","4","20260910","35","PLAY_ONE","3","2375"
"sample","4","20260910","35","PLAY_ONE","4","2385"
"sample","4","20260910","35","PLAY_ONE","5","1933"
"sample","4","20260910","36","CHALLENGE","0","2665"
"sample","4","20260910","36","CHALLENGE","1","1442"
"sample","4","20260910","36","CHALLENGE","2","1422"
"sample","4","20260910","36","CHALLENGE","3","1954"
"sample","4","20260910","36","CHALLENGE","4","3416"
"sample","4","20260910","36","CHALLENGE","5","1592"
"sample","4","20260910","37","ADVANCE_ROUND","0","3958"
"sample","4","20260910","37","ADVANCE_ROUND","1","1854"
"sample","4","20260910","37","ADVANCE_ROUND","2","1813"
"sample","4","20260910","37","ADVANCE_ROUND","3","2645"
"sample","4","20260910","37","ADVANCE_ROUND","4","2465"
"sample","4","20260910","37","ADVANCE_ROUND","5","1943"
"sample","4","20260910","38","PLAY_ONE","0","3046"
"sample","4","20260910","38","PLAY_ONE","1","1894"
"sample","4","20260910","38","PLAY_ONE","2","1994"
"sample","4","20260910","38","PLAY_ONE","3","2324"
"sample","4","20260910","38","PLAY_ONE","4","2535"
"sample","4","20260910","38","PLAY_ONE","5","2083"
"sample","4","20260910","39","CHALLENGE","0","2815"
"sample","4","20260910","39","CHALLENGE","1","1613"
"sample","4","20260910","39","CHALLENGE","2","1412"
"sample","4","20260910","39","CHALLENGE","3","2024"
"sample","4","20260910","39","CHALLENGE","4","2034"
"sample","4","20260910","39","CHALLENGE","5","1844"
"sample","4","20260910","40","ADVANCE_ROUND","0","3877"
"sample","4","20260910","40","ADVANCE_ROUND","1","1833"
"sample","4","20260910","40","ADVANCE_ROUND","2","1804"
"sample","4","20260910","40","ADVANCE_ROUND","3","2424"
"sample","4","20260910","40","ADVANCE_ROUND","4","2435"
"sample","4","20260910","40","ADVANCE_ROUND","5","1873"
"sample","4","20260910","41","PLAY_ONE","0","3156"
"sample","4","20260910","41","PLAY_ONE","1","1874"
"sample","4","20260910","41","PLAY_ONE","2","1833"
"sample","4","20260910","41","PLAY_ONE","3","2425"
"sample","4","20260910","41","PLAY_ONE","4","2345"
"sample","4","20260910","41","PLAY_ONE","5","2003"
"sample","4","20260910","42","CHALLENGE","0","3176"
"sample","4","20260910","42","CHALLENGE","1","1493"
"sample","4","20260910","42","CHALLENGE","2","1432"
"sample","4","20260910","42","CHALLENGE","3","1933"
"sample","4","20260910","42","CHALLENGE","4","1933"
"sample","4","20260910","42","CHALLENGE","5","1533"
"sample","4","20260910","43","ADVANCE_ROUND","0","4508"
"sample","4","20260910","43","ADVANCE_ROUND","1","2284"
"sample","4","20260910","43","ADVANCE_ROUND","2","2424"
"sample","4","20260910","43","ADVANCE_ROUND","3","2534"
"sample","4","20260910","43","ADVANCE_ROUND","4","3056"
"sample","4","20260910","43","ADVANCE_ROUND","5","2404"
"sample","4","20260910","44","PLAY_ONE","0","3968"
"sample","4","20260910","44","PLAY_ONE","1","2815"
"sample","4","20260910","44","PLAY_ONE","2","2334"
"sample","4","20260910","44","PLAY_ONE","3","3046"
"sample","4","20260910","44","PLAY_ONE","4","2875"
"sample","4","20260910","44","PLAY_ONE","5","2595"
"sample","4","20260910","45","CHALLENGE","0","3357"
"sample","4","20260910","45","CHALLENGE","1","2014"
"sample","4","20260910","45","CHALLENGE","2","1864"
"sample","4","20260910","45","CHALLENGE","3","2685"
"sample","4","20260910","45","CHALLENGE","4","2365"
"sample","4","20260910","45","CHALLENGE","5","2083"
"sample","4","20260910","46","ADVANCE_ROUND","0","4849"
"sample","4","20260910","46","ADVANCE_ROUND","1","1953"
"sample","4","20260910","46","ADVANCE_ROUND","2","1783"
"sample","4","20260910","46","ADVANCE_ROUND","3","3206"
"sample","4","20260910","46","ADVANCE_ROUND","4","2795"
"sample","4","20260910","46","ADVANCE_ROUND","5","2345"
"sample","4","20260910","47","PLAY_ONE","0","3947"
"sample","4","20260910","47","PLAY_ONE","1","2244"
"sample","4","20260910","47","PLAY_ONE","2","2435"
"sample","4","20260910","47","PLAY_ONE","3","2966"
"sample","4","20260910","47","PLAY_ONE","4","2795"
"sample","4","20260910","47","PLAY_ONE","5","3026"
"sample","4","20260910","48","CHALLENGE","0","31059"
"sample","4","20260910","48","CHALLENGE","1","2024"
"sample","4","20260910","48","CHALLENGE","2","1844"
"sample","4","20260910","48","CHALLENGE","3","2164"
"sample","4","20260910","48","CHALLENGE","4","2034"
"sample","4","20260910","48","CHALLENGE","5","2054"
"sample","4","20260910","49","ADVANCE_ROUND","0","4678"
"sample","4","20260910","49","ADVANCE_ROUND","1","2304"
"sample","4","20260910","49","ADVANCE_ROUND","2","2094"
"sample","4","20260910","49","ADVANCE_ROUND","3","2525"
"sample","4","20260910","49","ADVANCE_ROUND","4","7103"
"sample","4","20260910","49","ADVANCE_ROUND","5","2575"
"sample","4","20260910","50","PLAY_ONE","0","3336"
"sample","4","20260910","50","PLAY_ONE","1","2204"
"sample","4","20260910","50","PLAY_ONE","2","2334"
"sample","4","20260910","50","PLAY_ONE","3","3116"
"sample","4","20260910","50","PLAY_ONE","4","2524"
"sample","4","20260910","50","PLAY_ONE","5","2444"
"sample","4","20260910","51","CHALLENGE","0","3075"
"sample","4","20260910","51","CHALLENGE","1","1774"
"sample","4","20260910","51","CHALLENGE","2","1382"
"sample","4","20260910","51","CHALLENGE","3","3817"
"sample","4","20260910","51","CHALLENGE","4","1473"
"sample","4","20260910","51","CHALLENGE","5","2404"
"sample","4","20260910","52","ADVANCE_ROUND","0","3516"
"sample","4","20260910","52","ADVANCE_ROUND","1","2395"
"sample","4","20260910","52","ADVANCE_ROUND","2","2014"
"sample","4","20260910","52","ADVANCE_ROUND","3","3196"
"sample","4","20260910","52","ADVANCE_ROUND","4","2485"
"sample","4","20260910","52","ADVANCE_ROUND","5","2364"
"sample","4","20260910","53","PLAY_ONE","0","3917"
"sample","4","20260910","53","PLAY_ONE","1","2304"
"sample","4","20260910","53","PLAY_ONE","2","2275"
"sample","4","20260910","53","PLAY_ONE","3","4559"
"sample","4","20260910","53","PLAY_ONE","4","2665"
"sample","4","20260910","53","PLAY_ONE","5","2484"
"sample","4","20260910","54","CHALLENGE","0","2776"
"sample","4","20260910","54","CHALLENGE","1","1844"
"sample","4","20260910","54","CHALLENGE","2","1923"
"sample","4","20260910","54","CHALLENGE","3","2635"
"sample","4","20260910","54","CHALLENGE","4","2003"
"sample","4","20260910","54","CHALLENGE","5","1844"
